url,type,title,description,category,leads,emails,schema
https://warminboxes.com/,homepage,"Warm Inboxes | Cold Email Infrastructure: Prewarmed Google, Microsoft 365 & Azure Inboxes","Prewarmed and fresh Google Workspace, Microsoft 365, and Azure inboxes with free .com domains, DNS setup included. Start sending cold emails today, no warmup wait. Built by operators sending 1M+ emails/month.",,,,
https://warminboxes.com/blog,hub,Cold Email Blog: Deliverability & Infrastructure Guides,"Expert guides on cold email deliverability, inbox infrastructure, list hygiene and campaign operations.",,,,Organization BreadcrumbList
https://warminboxes.com/deliverability-tools,hub,31 Free Cold Email Deliverability Tools,"Free tools for domain checks, authentication, list hygiene and campaign QA. No signup, most run entirely in your browser.",,,,Organization BreadcrumbList
https://warminboxes.com/leads,hub,Free B2B Lead Lists & Email Data for Cold Email,"Download ready-to-send B2B lead lists by industry and role, verified and free, no account required.",,,,Organization BreadcrumbList
https://warminboxes.com/playbooks,hub,Cold Email Playbooks: Step-by-Step Outbound Guides,"Execution guides for domains, inboxes, segmentation and sending, written by operators.",,,,Organization BreadcrumbList
https://warminboxes.com/reviews,hub,Wall of Love: WarmInboxes Client Reviews & Video Testimonials,Real video reviews from agencies and operators running cold email on WarmInboxes prewarmed and fresh inbox infrastructure.,,,,Organization BreadcrumbList
https://warminboxes.com/bimi-checker,free tool,BIMI Checker | Free Cold Email Tool,"Validate your brand logo record, SVG, VMC and the DMARC enforcement Gmail requires.",,,,Organization BreadcrumbList
https://warminboxes.com/blacklist-checker,free tool,Blacklist Checker | Free Cold Email Tool,Check if your domain or IP is listed on 20+ major email blacklists in seconds.,,,,Organization BreadcrumbList
https://warminboxes.com/bounce-analyzer,free tool,Bounce Analyzer | Free Cold Email Tool,"Paste bounce messages, get the root cause in plain English plus a pause-or-continue verdict.",,,,Organization BreadcrumbList
https://warminboxes.com/cname-checker,free tool,CNAME Checker | Free Cold Email Tool,Follow the full CNAME chain and catch the mistakes that break a cold email tracking domain.,,,,Organization BreadcrumbList
https://warminboxes.com/csv-cleaner,free tool,CSV List Cleaner | Free Cold Email Tool,"Dedupe and scrub lead lists entirely in your browser, nothing gets uploaded.",,,,Organization BreadcrumbList
https://warminboxes.com/csv-combiner,free tool,CSV Combiner | Free Cold Email Tool,"Merge multiple lead lists into one, matching headers and deduping emails.",,,,Organization BreadcrumbList
https://warminboxes.com/deliverability-checker,free tool,Deliverability Checker | Free Cold Email Tool,"Grade your domain A to F across SPF, DKIM, DMARC, MX, blacklists and domain age.",,,,Organization BreadcrumbList
https://warminboxes.com/dkim-checker,free tool,DKIM Checker | Free Cold Email Tool,Auto-scan 26 common selectors and validate your DKIM signing key strength.,,,,Organization BreadcrumbList
https://warminboxes.com/dmarc-checker,free tool,DMARC Checker | Free Cold Email Tool,"Validate and analyse your DMARC record, policy, tags and verdicts explained.",,,,Organization BreadcrumbList
https://warminboxes.com/dns-checker,free tool,DNS Checker | Free Cold Email Tool,"Query MX, TXT, CNAME, A and all other DNS record types for any domain.",,,,Organization BreadcrumbList
https://warminboxes.com/domain-expiry-checker,free tool,Domain Expiry Checker | Free Cold Email Tool,Monitor domain expiration dates and catch renewals before they lapse.,,,,Organization BreadcrumbList
https://warminboxes.com/email-verifier,free tool,Email Verifier | Free Cold Email Tool,SMTP-level mailbox verification with catch-all detection.,,,,Organization BreadcrumbList
https://warminboxes.com/esp-segmenter,free tool,ESP Segmentation & Mailbox Calculator | Free Cold Email Tool,"Split your list by Google, Microsoft and gateway inboxes, then get told how many mailboxes to buy.",,,,Organization BreadcrumbList
https://warminboxes.com/google-domain-checker,free tool,Google Domain Checker | Free Cold Email Tool,See if a domain is already tied to a Google Workspace account or clear for fresh inboxes.,,,,Organization BreadcrumbList
https://warminboxes.com/header-analyzer,free tool,Header Analyzer | Free Cold Email Tool,"Paste raw headers: SPF, DKIM, DMARC, alignment and hops explained in plain English.",,,,Organization BreadcrumbList
https://warminboxes.com/inbox-planner,free tool,Domain & Inbox Planner | Free Cold Email Tool,"Target volume in, exact domains and inboxes needed out, with a safe ramp-up plan.",,,,Organization BreadcrumbList
https://warminboxes.com/inbox-previewer,free tool,Inbox Previewer | Free Cold Email Tool,"See your sender, subject and snippet exactly as Gmail and Outlook render them.",,,,Organization BreadcrumbList
https://warminboxes.com/inbox-rotation-planner,free tool,Inbox Rotation Planner | Free Cold Email Tool,"Split your fleet into rotating batches with a schedule, no burned inboxes.",,,,Organization BreadcrumbList
https://warminboxes.com/mta-sts-checker,free tool,MTA-STS Checker | Free Cold Email Tool,"Validate your _mta-sts record and policy file: enforce mode, MX patterns and TLS-RPT.",,,,Organization BreadcrumbList
https://warminboxes.com/nameserver-checker,free tool,Nameserver Checker | Free Cold Email Tool,One domain or a whole CSV: get NS records and the DNS provider behind every domain.,,,,Organization BreadcrumbList
https://warminboxes.com/pre-send-checker,free tool,Pre-Send Checker | Free Cold Email Tool,"Catch broken merge tags, dupes and spintax errors, and forecast send volume.",,,,Organization BreadcrumbList
https://warminboxes.com/record-generator,free tool,Record Generator | Free Cold Email Tool,"Build correct SPF, DKIM and DMARC records with presets for every major ESP.",,,,Organization BreadcrumbList
https://warminboxes.com/scl-analyzer,free tool,Outlook SCL Analyzer | Free Cold Email Tool,Paste Outlook headers and find out exactly why the message went to Junk.,,,,Organization BreadcrumbList
https://warminboxes.com/sequencer-csv-converter,free tool,Sequencer CSV Converter | Free Cold Email Tool,"Convert lead CSVs between Instantly, Smartlead and Email Bison formats.",,,,Organization BreadcrumbList
https://warminboxes.com/spam-checker,free tool,Spam Checker | Free Cold Email Tool,Scan your subject and body for 200+ weighted spam triggers and formatting red flags.,,,,Organization BreadcrumbList
https://warminboxes.com/spf-checker,free tool,SPF Checker & Generator | Free Cold Email Tool,"Look up existing SPF records or build a new one, with recursive lookup counting.",,,,Organization BreadcrumbList
https://warminboxes.com/spintax-tester,free tool,Spintax & Liquid Tester | Free Cold Email Tool,Preview every spintax variation and personalization variable before sending.,,,,Organization BreadcrumbList
https://warminboxes.com/suppression-checker,free tool,Suppression Checker | Free Cold Email Tool,"Check any list against customers, unsubscribes and previously contacted companies.",,,,Organization BreadcrumbList
https://warminboxes.com/surbl-checker,free tool,SURBL & Spamhaus DBL Checker | Free Cold Email Tool,Bulk-check domains against the SURBL and Spamhaus DBL URI blacklists.,,,,Organization BreadcrumbList
https://warminboxes.com/unsubscribe-generator,free tool,Unsubscribe Generator | Free Cold Email Tool,CAN-SPAM and GDPR compliant opt-out footers in plain text and HTML.,,,,Organization BreadcrumbList
https://warminboxes.com/waterfall-calculator,free tool,Waterfall Calculator | Free Cold Email Tool,Find the cheapest verifier order and your true cost per usable email.,,,,Organization BreadcrumbList
https://warminboxes.com/inboxing-playbook,playbook,The Cold Email Inboxing Playbook,"The full setup we run for inbox placement: domains, authentication, warmup, pacing and rotation.",,,,Organization BreadcrumbList
https://warminboxes.com/playbooks/liquid-syntax-guide,playbook,Liquid Syntax Guide for Cold Email Personalization,"Every Liquid tag and conditional worth knowing for cold email personalization, with working examples.",,,,Organization BreadcrumbList
https://warminboxes.com/playbooks/spam-plague-segmentation-playbook,playbook,How to Avoid the SPAM Plague in 2026: Segmentation Playbook,"A field-tested cold email segmentation system for cleaner lists, better inbox routing, sharper persona-based copy, and higher reply rates before you ever laun",,,,Organization BreadcrumbList
https://warminboxes.com/hub/cold-email-agency,reading hub,Cold Email Agency Operations Hub,"A curated reading path for agency reply ops, client data isolation and compliance.",,,,Organization BreadcrumbList
https://warminboxes.com/hub/data-ops,reading hub,Cold Email Data Ops Hub,"A curated reading path for list building, cleaning, verification and enrichment economics.",,,,Organization BreadcrumbList
https://warminboxes.com/affiliate,page,WarmInboxes Affiliate Program,Earn recurring commission referring cold email operators to prewarmed and fresh inbox infrastructure.,,,,Organization BreadcrumbList
https://warminboxes.com/agencyadvanta,page,Josiah Ansu & Agency Advanta x WarmInboxes,Four years a partner: how Agency Advanta runs cold email and LinkedIn for around 400 B2B clients.,,,,Organization BreadcrumbList
https://warminboxes.com/azure-inboxes,page,Azure Tenant Inboxes for Cold Email,"Isolated Azure tenants with up to 100 inboxes each, from $0.50 per inbox, fully configured for cold outreach.",,,,Organization BreadcrumbList
https://warminboxes.com/calculator,page,"Cold Email Infrastructure Calculator: Inboxes, Domains & Cost","Work out how many inboxes and domains your target send volume needs, and what it costs.",,,,Organization BreadcrumbList
https://warminboxes.com/consultation,page,Book a Free Cold Email Deliverability Consultation,"Talk to an operator about your domains, inboxes and sending setup. Free, no obligation.",,,,Organization BreadcrumbList
https://warminboxes.com/deliverability,page,Cold Email Deliverability: Our Infrastructure Approach,"How WarmInboxes builds and maintains deliverability across 1M+ cold emails a month on Google, Microsoft and Azure.",,,,Organization BreadcrumbList
https://warminboxes.com/google-workspace-inboxes,page,Prewarmed Google Workspace Inboxes for Cold Email,"Official Google Workspace inboxes, prewarmed and ready to send the same day, with free prewarmed domains and DNS handled for you.",,,,Organization BreadcrumbList
https://warminboxes.com/inboxes/reddit,page,Cold Email Inboxes: Reddit Reviews,Reddit-style reviews of cold email inbox providers from operators who send at volume.,,,,Organization BreadcrumbList
https://warminboxes.com/mailfirst,page,Phil Sergenti & MailFirst x WarmInboxes,How MailFirst books meetings for VC-backed scaleups on WarmInboxes inbox infrastructure.,,,,Organization BreadcrumbList
https://warminboxes.com/microsoft-365-inboxes,page,Prewarmed Microsoft 365 Inboxes for Cold Email,"Microsoft 365 inboxes configured for cold email, prewarmed and ready to send, with authentication set up before delivery.",,,,Organization BreadcrumbList
https://warminboxes.com/offer,page,Prewarmed & Fresh Cold Email Inboxes | Pricing & Packages,"Prewarmed Google, Microsoft 365 and Azure inboxes from $0.50/inbox with free prewarmed domains and DNS configured before you log in.",,,,Organization BreadcrumbList
https://warminboxes.com/prewarmed/reddit,page,Prewarmed Inboxes: Reddit Reviews,Reddit-style reviews of prewarmed inbox providers and what actually matters when buying.,,,,Organization BreadcrumbList
https://warminboxes.com/reddit,page,WarmInboxes Reviews from Reddit Cold Emailers,"What cold email operators say about buying prewarmed inboxes, collected for the Reddit crowd.",,,,Organization BreadcrumbList
https://warminboxes.com/revenueboost,page,AJ Cassata & Revenue Boost x WarmInboxes,How Revenue Boost runs client cold email campaigns on WarmInboxes prewarmed and fresh inbox infrastructure.,,,,Organization BreadcrumbList
https://warminboxes.com/terms,page,Terms of Service,"Service description, refund policy, sending limits and liability terms for WarmInboxes email infrastructure.",,,,Organization BreadcrumbList
https://warminboxes.com/testimonials,page,WarmInboxes Testimonials from Cold Email Operators,Video testimonials from founders and agencies using WarmInboxes prewarmed and fresh cold email infrastructure.,,,,Organization BreadcrumbList
https://warminboxes.com/blog/ai-cold-email-reply-classifier,blog post,Build an AI Cold Email Reply Classifier with 10 Intent Categories,"Positive or negative is a coin with labels. The 10 categories real traffic needs, the prompt contract, confidence rules, and referral detection.",,,,Organization BreadcrumbList Article
https://warminboxes.com/blog/ai-lead-scoring-cold-email,blog post,Score Cold Email Leads with AI Before Sending,"A transparent rubric with rejection reasons, plus the semantic title classifier that catches the VP-of-a-two-person-company mismatch.",,,,Organization BreadcrumbList Article
https://warminboxes.com/blog/all-in-one-vs-separate-cold-email-tools,blog post,All-in-One Platforms vs a Specialized Stack,"Bundles to learn, stacks to scale: the comparison at three volumes, plus replacement risk and data ownership.",,,,Organization BreadcrumbList Article
https://warminboxes.com/blog/apollo-verified-emails-second-verification,blog post,Are Apollo 'Verified' Emails Safe to Send Without a Second Verifier?,"Why database verification and send-time validity diverge, what re-verification typically reclassifies, and the two-tool workflow that keeps bounces boring.",,,,Organization BreadcrumbList Article
https://warminboxes.com/blog/apollo-vs-clay-vs-sales-navigator,blog post,Apollo vs Clay vs Sales Navigator: Run the 100-Contact Accuracy Audit,"Different layers, not rivals. The audit that measures usable-email yield per dollar on your own ICP.",,,,Organization BreadcrumbList Article
https://warminboxes.com/blog/are-pre-warmed-inboxes-worth-it,blog post,Are Pre-Warmed Inboxes Worth It? An Honest Evaluation From Someone Who Sells Them,"The math, the failure modes, the cases where you should NOT buy them, and the questions that separate a real provider from a grey-market reseller.",,,,Organization BreadcrumbList Article
https://warminboxes.com/blog/avoid-blacklists,blog post,The Importance of Avoiding Blacklists in Cold Email Campaigns,Email blacklists can instantly destroy cold email deliverability by blocking messages across multiple email providers and security systems. Understanding blac,,,,Organization BreadcrumbList Article
https://warminboxes.com/blog/avoid-spam-filters,blog post,How to Avoid Being Marked as Spam When Sending Cold Emails,"Avoiding spam filters requires understanding how email service providers evaluate incoming messages and implementing practices that signal legitimate, wanted",,,,Organization BreadcrumbList Article
https://warminboxes.com/blog/avoid-spam-trigger-words,blog post,How to Avoid Spam Trigger Words in Cold Emails,"Spam trigger words can immediately flag your cold emails for filtering, regardless of content quality or sender reputation. Understanding and avoiding these p",,,,Organization BreadcrumbList Article
https://warminboxes.com/blog/banned-domain-recovery,blog post,What to Do When Your Cold Email Domain Gets Banned,Step-by-step recovery guide and prevention strategies to keep your email campaigns running smoothly with prewarmed inboxes.,,,,Organization BreadcrumbList Article
https://warminboxes.com/blog/best-cold-email-software-tools,blog post,Best Cold Email Software & Automation Tools in 2026,"The best platforms for automating cold email, the top tracking software, and the free tools that fill the gaps, organized by the four layers of a real stack.",,,,Organization BreadcrumbList Article
https://warminboxes.com/blog/best-times-send-cold-emails,blog post,The Best Times to Send Cold Emails for Maximum Open Rates,"Timing plays a crucial role in cold email success, with send times significantly impacting open rates, response rates, and overall campaign effectiveness.",,,,Organization BreadcrumbList Article
https://warminboxes.com/blog/book-sales-meetings,blog post,How to Use Cold Email to Book More Sales Meetings,"Converting cold email prospects into scheduled sales meetings requires strategic messaging, compelling value propositions, and systematic follow-up processes.",,,,Organization BreadcrumbList Article
https://warminboxes.com/blog/build-your-own-inbox-placement-seed-list,blog post,Build Your Own Inbox Placement Seed List,"10-14 mailboxes you control across Gmail, Microsoft, Yahoo, and a gateway, checked by script. Permanent, free, and honest about engagement.",,,,Organization BreadcrumbList Article
https://warminboxes.com/blog/bulk-dns-setup-cold-email-domains-cloudflare,blog post,Bulk DNS Setup for 100 Cold Email Domains with Cloudflare,"CSV in, configured fleet out: zones, nameservers, auth records, redirects, and a validation report, without clicking 100 times.",,,,Organization BreadcrumbList Article
https://warminboxes.com/blog/buy-pre-warmed-emails-reddit-2026,blog post,Where to Buy Pre-Warmed Emails According to Reddit (2026),"r/coldemail splits into three camps: scam-warners, DIY purists, and quiet operators. The honest read of the whole debate, the vetting checklist, and where we",,,,Organization BreadcrumbList Article
https://warminboxes.com/blog/can-spam-b2b-physical-address,blog post,Does CAN-SPAM's Physical Address Rule Apply to B2B Cold Email?,"Yes, the FTC applies CAN-SPAM to B2B with no exemption. What the address rule demands, what addresses qualify, and how to comply without looking like a newsle",,,,Organization BreadcrumbList Article
https://warminboxes.com/blog/catch-all-email-verification,blog post,How to Verify Catch-All Emails Without Damaging Sender Reputation,"The policy we run across 2M leads a month: secondary verification, what tools can and can't tell you, and the guardrails that keep catch-alls from burning dom",,,,Organization BreadcrumbList Article
https://warminboxes.com/blog/clay-cost-per-qualified-lead,blog post,"Clay Credit Architecture: Own API Keys, Waterfall Order, Cost per Qualified Lead","Direct keys vs credit markup, waterfalls ordered by price divided by hit rate, and the unit economics that survive CFO scrutiny.",,,,Organization BreadcrumbList Article
https://warminboxes.com/blog/clean-messy-csv-cold-email,blog post,Clean a Messy CSV Before Cold Email (with the Role-Address Regex),"Seven steps in dependency order: structure, emails, domains, names, role filter, three-level dedupe, then verify.",,,,Organization BreadcrumbList Article
https://warminboxes.com/blog/cold-email-bounce-codes,blog post,"Cold Email Bounce Codes Explained: 4xx vs 5xx, Pause, Retry, or Retire?","Bounce codes tell you which problem you actually have. How to read 4xx vs 5xx, the specific codes that matter, and the decision tree from code to action.",,,,Organization BreadcrumbList Article
https://warminboxes.com/blog/cold-email-bounce-rate-pause-rules,blog post,"Cold Email Bounce Stop Rules: What to Do at 1%, 2%, 3% and 5%","The tiered rule we run at 1M+ sends a month, where the real hard stop sits, and why risky segments get a stricter one.",,,,Organization BreadcrumbList Article
https://warminboxes.com/blog/cold-email-dashboard-smartlead-api,blog post,Build a Free Cold Email Dashboard from the Smartlead API,"API to Sheets to Looker Studio: every campaign, every client, your own metric definitions, for free. The full extraction schema.",,,,Organization BreadcrumbList Article
https://warminboxes.com/blog/cold-email-domain-forwarding,blog post,How to Forward a Cold Email Domain to Your Main Website (Without Breaking Email),"The correct 301 redirect setup, the DNS records that must never move, and the credibility details that make a secondary domain look real.",,,,Organization BreadcrumbList Article
https://warminboxes.com/blog/cold-email-essential-startups,blog post,Why Cold Email Outreach Is Essential for Startups,"Startups face unique challenges in building awareness, generating leads, and acquiring customers with limited resources and unknown brands. Cold email provide",,,,Organization BreadcrumbList Article
https://warminboxes.com/blog/cold-email-follow-up-same-thread,blog post,Should Cold Email Follow-Ups Go in the Same Thread or a New One?,"Same thread wins, but not for the reason most people give, and with two real exceptions. The threading logic filters and humans actually apply.",,,,Organization BreadcrumbList Article
https://warminboxes.com/blog/cold-email-follow-up-templates,blog post,Cold Email Follow-Up Templates That Get Replies (Full Sequence),"Copy-paste follow-up templates for every touch, the bump, the value-add, the proof, and the breakup email that pulls the highest reply rate of all.",,,,Organization BreadcrumbList Article
https://warminboxes.com/blog/cold-email-for-jobs,blog post,Cold Email for Jobs: How to Land Unadvertised Roles,"Most jobs are filled before they're posted. How to cold email hiring managers for unadvertised positions, with the exact templates that get interviews.",,,,Organization BreadcrumbList Article
https://warminboxes.com/blog/cold-email-freelance-clients,blog post,Cold Email for Freelancers: Win Clients Beyond Upwork,"Cold email puts you in front of clients before they post a job, no fees, no bidding wars. The complete freelancer outbound system with templates.",,,,Organization BreadcrumbList Article
https://warminboxes.com/blog/cold-email-inbox-rotation-system,blog post,"Active, Resting, Warming: Build a Cold Email Inbox Rotation System","Static fleets burn out; rotating fleets last. The three-pool structure we run, with promotion rules, cycle lengths, and the monitoring that triggers rotation.",,,,Organization BreadcrumbList Article
https://warminboxes.com/blog/cold-email-infrastructure-setup,blog post,Complete Cold Email Infrastructure Setup Guide for 2025,Build a bulletproof cold email infrastructure using prewarmed inboxes from Warminboxes.com. Step-by-step guide to avoid bans and maximize deliverability.,,,,Organization BreadcrumbList Article
https://warminboxes.com/blog/cold-email-isnt-dead,blog post,"Cold Email Isn't Dead, What Actually Changed in 2026","What the Gmail/Yahoo sender rules really changed, what the Cold Email Manifesto got right, and the data from 1M+ monthly sends showing what works now.",,,,Organization BreadcrumbList Article
https://warminboxes.com/blog/cold-email-marketing-guide,blog post,Cold Email Marketing: The Complete 2026 Guide,"How cold email marketing differs from email marketing, the legal ground rules, the infrastructure, the campaign math, and a 30-day launch plan.",,,,Organization BreadcrumbList Article
https://warminboxes.com/blog/cold-email-merge-tag-checker,blog post,Free Cold Email Merge Tag Checker: Find Broken Variables Before Sending,"The five ways merge tags break, missing columns, loose matches, blank values, bad fallbacks, foreign syntax, and the per-row check that catches all of them.",,,,Organization BreadcrumbList Article
https://warminboxes.com/blog/cold-email-mistakes,blog post,Top 10 Cold Email Mistakes That Kill Deliverability in 2025,Avoid these critical cold email mistakes that destroy deliverability. Learn how prewarmed inboxes from Warminboxes.com prevent common pitfalls and ensure inbo,,,,Organization BreadcrumbList Article
https://warminboxes.com/blog/cold-email-open-tracking,blog post,Should You Disable Open Tracking in Cold Email? We Turned It Off Fleet-Wide,"Why we run open tracking off across 1M+ sends a month, what changed when we did, and the only metrics worth optimizing now.",,,,Organization BreadcrumbList Article
https://warminboxes.com/blog/cold-email-opens-high-no-replies,blog post,"Cold Email Opens Are High but Replies Are Zero, Bots, or Bad Copy?","Security scanners and Apple's privacy proxy inflate opens on autopilot. How to tell machine opens from human ones, and the diagnostic order that finds the rea",,,,Organization BreadcrumbList Article
https://warminboxes.com/blog/cold-email-outlook-spam-gmail-inbox,blog post,Why Cold Emails Land in Outlook Spam but Gmail Inbox (Fix It Step by Step),"Near-perfect Gmail placement but buried in Outlook junk, why Microsoft filters differently, how to diagnose from real headers, and the five fixes that move Ou",,,,Organization BreadcrumbList Article
https://warminboxes.com/blog/cold-email-personalization,blog post,How to Personalize Cold Emails at Scale,"Personalizing cold emails at scale presents a unique challenge: maintaining authentic, relevant messaging while reaching hundreds or thousands of prospects ef",,,,Organization BreadcrumbList Article
https://warminboxes.com/blog/cold-email-pre-send-checklist,blog post,The 37-Point Cold Email Pre-Send Checklist,"List, personalization, copy, infrastructure, and volume, the complete launch-day QA, with a free tool that automates the mechanical 25 points.",,,,Organization BreadcrumbList Article
https://warminboxes.com/blog/cold-email-professor-university-research,blog post,"How to Cold Email a Professor (Research, Grad School & Beyond)","The email format professors actually respond to, for undergraduate research, grad admissions, and lab positions, and the mistakes that get student emails dele",,,,Organization BreadcrumbList Article
https://warminboxes.com/blog/cold-email-sending-limits,blog post,Cold Email Sending Limits Per Inbox: The Numbers That Keep You Safe,"Gmail allows 2,000 a day and you will burn the account long before that. Technical limits vs survivable limits, and the fleet math for real volume.",,,,Organization BreadcrumbList Article
https://warminboxes.com/blog/cold-email-stack-under-200,blog post,"The Complete Cold Email Stack at $100, $200, and $500 a Month","Three honest stacks with variable costs included, and the cost-per-meeting formula that governs all of them.",,,,Organization BreadcrumbList Article
https://warminboxes.com/blog/cold-email-suppression-list-checker,blog post,Check a Cold Email List Against Your Global Suppression List,"Customers, unsubscribes, bounces, and do-not-contact records live in five tools; campaigns launch from a sixth. The pre-import gate that fixes it.",,,,Organization BreadcrumbList Article
https://warminboxes.com/blog/cold-email-templates,blog post,10 Cold Email Templates That Actually Work,Cold email templates serve as the foundation for scalable outreach campaigns. These proven templates combine frameworks with customizable elements for authent,,,,Organization BreadcrumbList Article
https://warminboxes.com/blog/cold-email-uk-guide,blog post,"Cold Email in the UK: Is It Legal? PECR, UK GDPR & Doing It Right","B2B cold email is legal in the UK, but PECR draws a line most senders have never heard of. What the ICO enforces and a compliant setup step by step.",,,,Organization BreadcrumbList Article
https://warminboxes.com/blog/cold-emails-going-spam,blog post,Why Your Cold Emails Are Going to Spam (And How to Fix It),Cold emails landing in spam folders is one of the most frustrating and costly problems in email marketing. Understanding why this happens and implementing sys,,,,Organization BreadcrumbList Article
https://warminboxes.com/blog/cold-vs-warm-email,blog post,Cold Email vs. Warm Email: What's the Difference?,Understanding the distinction between cold and warm email is crucial for developing effective outreach strategies. Both approaches serve important roles in bu,,,,Organization BreadcrumbList Article
https://warminboxes.com/blog/common-mistakes-kill-campaigns,blog post,5 Common Mistakes That Kill Cold Email Campaigns,Cold email campaigns fail for predictable reasons that can be avoided with proper planning and execution. Understanding these common mistakes helps marketers,,,,Organization BreadcrumbList Article
https://warminboxes.com/blog/connect-smartlead-instantly-hubspot,blog post,Connect Smartlead and Instantly to HubSpot Without Duplicate Contacts,"A stable contact key and create-or-update logic, syncing five things: contacts, replies, campaigns, dispositions, and suppressions.",,,,Organization BreadcrumbList Article
https://warminboxes.com/blog/custom-tracking-domain-vs-no-tracking,blog post,Shared Tracking vs Custom Tracking vs No Tracking: What Actually Wins,Shared tracking domains chain you to strangers' reputations; custom domains fix that but keep the pixel; no tracking removes the fingerprint entirely. The ran,,,,Organization BreadcrumbList Article
https://warminboxes.com/blog/deliverability-key-success,blog post,Why Deliverability Is the Key to Cold Email Success,Deliverability serves as the foundation for all cold email success because even the most compelling messages generate zero results if they never reach prospec,,,,Organization BreadcrumbList Article
https://warminboxes.com/blog/deliverability-optimization,blog post,How to Achieve Warm Inbox Placement Rates with Prewarmed Inboxes,Advanced deliverability strategies using warm inboxes and proper email infrastructure setup for maximum cold email success.,,,,Organization BreadcrumbList Article
https://warminboxes.com/blog/deliverability-testing-tools,blog post,5 Tools to Monitor and Improve Cold Email Deliverability,Effective deliverability monitoring requires specialized tools that track multiple factors affecting email placement and provide actionable insights for optim,,,,Organization BreadcrumbList Article
https://warminboxes.com/blog/dmarc-none-quarantine-reject-cold-email,blog post,DMARC for Cold Email: Exactly When to Move From None to Quarantine to Reject,"The staged enforcement plan we run on sending domains: what each policy does, the alignment check that must pass first, and the week-by-week upgrade path.",,,,Organization BreadcrumbList Article
https://warminboxes.com/blog/does-esp-matching-improve-deliverability,blog post,"Does ESP Matching Actually Improve Deliverability? (Google→Google, Microsoft→Microsoft)","Where provider matching genuinely moves the needle, where it's noise, and how to segment your list to use it without doubling your infrastructure.",,,,Organization BreadcrumbList Article
https://warminboxes.com/blog/domain-recovery-guide,blog post,How to Recover a Banned or Blacklisted Domain,Recovering from domain blacklisting requires systematic remediation efforts that address root causes while following specific procedures for different blackli,,,,Organization BreadcrumbList Article
https://warminboxes.com/blog/dos-donts-personalization,blog post,The Do's and Don'ts of Cold Email Personalization,Effective personalization transforms cold emails from generic sales messages into relevant business communications that recipients actually want to read.,,,,Organization BreadcrumbList Article
https://warminboxes.com/blog/email-deliverability-guide,blog post,What Is Email Deliverability? Everything You Need to Know,Email deliverability determines whether your carefully crafted cold emails reach their intended recipients or disappear into spam folders and blacklists.,,,,Organization BreadcrumbList Article
https://warminboxes.com/blog/email-list-hygiene,blog post,The Importance of Email List Hygiene in Deliverability,"Email list hygiene directly impacts cold email deliverability by ensuring you send only to valid, engaged recipients who are likely to interact positively wit",,,,Organization BreadcrumbList Article
https://warminboxes.com/blog/email-verification-waterfall,blog post,Build a Cheap Email Verification Waterfall,"Bulk verifier first, catch-all specialist for the ambiguous remainder, policy for the rest. Best-case accuracy without paying three times per lead.",,,,Organization BreadcrumbList Article
https://warminboxes.com/blog/email-verifier-accuracy-comparison,blog post,MillionVerifier vs ZeroBounce vs NeverBounce: Run Your Own Accuracy Test,"The frozen-list protocol that grades verifiers on your data with real bounces, plus the BounceBan vs LeadMagic catch-all round.",,,,Organization BreadcrumbList Article
https://warminboxes.com/blog/email-warm-up-automation,blog post,Email Warm-Up Automation: Tools and Strategies for 2025,"Master automated email warm-up with prewarmed inboxes from Warminboxes.com. Complete guide to tools, strategies, and best practices for maximum deliverability",,,,Organization BreadcrumbList Article
https://warminboxes.com/blog/email-warm-up-guide,blog post,What Is Email Warm-Up and Why Does It Matter?,Email warm-up is the process of gradually building sender reputation with email service providers to ensure optimal deliverability for future campaigns. This,,,,Organization BreadcrumbList Article
https://warminboxes.com/blog/engagement-metrics-deliverability,blog post,Why Engagement Metrics Matter for Email Deliverability,"Engagement metrics serve as critical signals to email service providers about message value and recipient satisfaction, directly influencing deliverability de",,,,Organization BreadcrumbList Article
https://warminboxes.com/blog/find-companies-by-technology-cold-email,blog post,Find Companies by Technology Stack (BuiltWith vs Wappalyzer vs Clay),"How detection works, the one-technology accuracy test, and the four campaign plays technographics unlocks.",,,,Organization BreadcrumbList Article
https://warminboxes.com/blog/follow-up-strategies,blog post,How Many Follow-Ups Should You Send in a Cold Email Campaign?,The number of follow-ups in cold email campaigns directly impacts response rates and overall campaign success. Research shows most responses come from follow-,,,,Organization BreadcrumbList Article
https://warminboxes.com/blog/free-domains-cold-email-2026,blog post,How to Get Free Domains for Cold Email in 2026: The Complete Guide,Discover how to get free .com domains for your cold email campaigns in 2026. Learn why Warminboxes.com includes free prewarmed domains with every inbox packag,,,,Organization BreadcrumbList Article
https://warminboxes.com/blog/gdpr-compliance-cold-email,blog post,GDPR Compliance for Cold Email Campaigns in 2025,"Complete guide to GDPR-compliant cold email outreach using prewarmed inboxes. Learn legal requirements, best practices, and how Warminboxes.com ensures compli",,,,Organization BreadcrumbList Article
https://warminboxes.com/blog/global-suppression-list-cold-email,blog post,How to Build One Global Suppression List Across Every Domain and Inbox,"The three-level suppression architecture (email, contact, company) that keeps a multi-domain operation compliant and complaint rates low.",,,,Organization BreadcrumbList Article
https://warminboxes.com/blog/google-5000-email-rule-subdomains,blog post,"Google's 5,000-Email Bulk Sender Rule: Do Subdomains Count Separately?","No, Google aggregates all subdomains into the primary domain's count. What the threshold measures, what crossing it requires, and what it means for cold email",,,,Organization BreadcrumbList Article
https://warminboxes.com/blog/google-maps-lead-generation-pipeline,blog post,The Google Maps Lead Generation Pipeline,"Scraper choice on four real metrics, the owner-email waterfall, and removing closed businesses before they become bounces.",,,,Organization BreadcrumbList Article
https://warminboxes.com/blog/google-postmaster-spam-rate-recovery,blog post,Google Postmaster Spam Rate Hit 0.3%? The Recovery Playbook,"How the spam-rate metric actually behaves, the day-one incident response, and the 2-6 week recovery sequence that gets a domain back under 0.1%.",,,,Organization BreadcrumbList Article
https://warminboxes.com/blog/google-vs-outlook-vs-smtp-cold-email-inboxes,blog post,Google vs Microsoft vs Private SMTP for Cold Email Inboxes,"The honest four-way comparison, plus the 10-inbox 30-day vendor test that tells the truth before you buy 100 seats.",,,,Organization BreadcrumbList Article
https://warminboxes.com/blog/google-workspace-aliases-cold-email,blog post,Google Workspace Aliases vs Real Mailboxes for Cold Email (Don't Use Aliases),"Aliases share one mailbox's limits, reputation, and login, how aliases, users, and domains actually differ, and the setup that scales.",,,,Organization BreadcrumbList Article
https://warminboxes.com/blog/hiring-signals-cold-email-targeting,blog post,Use Hiring Signals for Cold Email Targeting,"Companies hiring SDRs just announced budget and coming pain. Sourcing the signal, the non-creepy reference, and the two-wave timing.",,,,Organization BreadcrumbList Article
https://warminboxes.com/blog/how-long-does-email-warmup-take,blog post,How Long Does Email Warmup Take? The Real Timeline for 2026,"14 to 21 days to send, 4 to 6 weeks to full capacity. The week-by-week schedule, what determines your speed, and the signs a warmup is failing.",,,,Organization BreadcrumbList Article
https://warminboxes.com/blog/how-many-contacts-same-company,blog post,How Many People at the Same Company Can You Cold Email?,"Our fleet rule: max 3-4 contacts per company, staggered 2-3 days apart, with a company-wide stop on any reply. The full multi-threading playbook.",,,,Organization BreadcrumbList Article
https://warminboxes.com/blog/how-many-domains-cold-email-300-per-day,blog post,How Many Cold Email Domains Do I Need for 300 Emails per Day?,"The full formula with worked examples for 100, 300, 500 and 1,000 sends/day, plus the rotation buffer most calculators forget.",,,,Organization BreadcrumbList Article
https://warminboxes.com/blog/how-many-inboxes-per-domain-cold-email,blog post,"How Many Inboxes per Domain for Cold Email? (1 vs 2 vs 3 vs 5, Honestly)","There is no magic universal number, but there is a risk/cost/capacity trade-off with a clear sweet spot: the 2-3 per domain standard we run across hundreds of",,,,Organization BreadcrumbList Article
https://warminboxes.com/blog/how-old-email-list-reverify,blog post,How Old Can an Email List Be Before You Reverify It?,"B2B data decays 2-3% a month. The 30/60/90-day windows, and the aging test that measures your own decay curve.",,,,Organization BreadcrumbList Article
https://warminboxes.com/blog/how-to-buy-pre-warmed-email-accounts,blog post,How to Buy Pre-Warmed Email Accounts Without Getting Burned,"Where to buy, the six vetting questions that expose grey-market resellers, fair pricing benchmarks, and the 48-hour verification checklist after delivery.",,,,Organization BreadcrumbList Article
https://warminboxes.com/blog/how-to-skip-email-warmup,blog post,How to Skip Email Warmup and Start Sending Today (the One Way That Works),"Every shortcut either burns your domain or is warmup in disguise. Why the tricks fail, and the one legitimate path to a same-day launch.",,,,Organization BreadcrumbList Article
https://warminboxes.com/blog/how-to-write-cold-email-gets-responses,blog post,How to Write a Cold Email That Gets Responses (2026 Playbook),"The exact structure, copywriting rules, and templates behind cold emails that get 10%+ reply rates, plus where to find templates worth stealing.",,,,Organization BreadcrumbList Article
https://warminboxes.com/blog/inbox-placement-tests-disagree,blog post,Why Inbox Placement Tools Show Different Results,"GlockApps, Mailreach, and Unspam disagree because each measures its own seed mailboxes. What seeds actually tell you, and what outranks every score.",,,,Organization BreadcrumbList Article
https://warminboxes.com/blog/inbox-rotation-strategy,blog post,How to Use Inbox Rotation to Improve Deliverability,Inbox rotation strategically distributes email volume across multiple sending addresses to prevent individual address overloading while maintaining optimal de,,,,Organization BreadcrumbList Article
https://warminboxes.com/blog/manage-cold-email-replies-multiple-clients,blog post,"Managing Replies for Multiple Clients: Workspaces, Forwarding, or Shared Inbox?","The four agency reply architectures, when each breaks, and the honest Front vs Missive comparison for 100 inboxes.",,,,Organization BreadcrumbList Article
https://warminboxes.com/blog/migrate-cold-email-inboxes-between-providers,blog post,Cold Email Provider Migration Checklist: Zero Lost Replies,"Moving mailboxes between Google, Microsoft, or SMTP: DNS in one window, IMAP conversation copies, half-warmup after.",,,,Organization BreadcrumbList Article
https://warminboxes.com/blog/migrate-instantly-smartlead-without-losing-replies,blog post,Migrate from Instantly to Smartlead Without Losing Replies,"The audit that decides whether to move, the nine-item export checklist, and the two-week overlap cutover.",,,,Organization BreadcrumbList Article
https://warminboxes.com/blog/monitor-cold-email-domain-fleet,blog post,"Monitor a 100-Domain Fleet: Auth, Expiry, and Postmaster in One Dashboard","Daily automated SPF/DKIM/DMARC checks, renewal tracking across registrars, and Postmaster on every domain. Find failures before Gmail does.",,,,Organization BreadcrumbList Article
https://warminboxes.com/blog/monitor-sender-reputation,blog post,How to Monitor Your Email Sender Reputation for Cold Email Campaigns,Email sender reputation directly impacts cold email deliverability and campaign success. Monitoring reputation proactively enables early problem detection and,,,,Organization BreadcrumbList Article
https://warminboxes.com/blog/mxtoolbox-vs-google-postmaster-tools,blog post,MXToolbox vs Google Postmaster Tools: Different Questions Entirely,"One checks your configuration from outside, the other reports Gmail's verdict from inside. When to use each, and the mistake the confusion causes.",,,,Organization BreadcrumbList Article
https://warminboxes.com/blog/one-click-unsubscribe-vs-reply-opt-out,blog post,One-Click Unsubscribe vs 'Reply to Opt Out': Which Do You Need?,"Google's bulk-sender rules made one-click mandatory, for bulk senders to consumer inboxes. Who needs which mechanism, what RFC 8058 requires, and the complian",,,,Organization BreadcrumbList Article
https://warminboxes.com/blog/out-of-office-replies-cold-email,blog post,"Out-of-Office Replies to Cold Email: Pause, Mine, or Ignore?","Pause the sequence past the return date, and mine the auto-reply for return dates, backup contacts, and timing intel. Plus the Make/Zapier/n8n automation.",,,,Organization BreadcrumbList Article
https://warminboxes.com/blog/outlook-scl-score-cold-email,blog post,How to Find and Interpret Outlook's SCL Score (Header Walkthrough),"Where to find Microsoft's Spam Confidence Level, what every value means, and how to turn a bad score into a specific fix.",,,,Organization BreadcrumbList Article
https://warminboxes.com/blog/plain-text-url-vs-hyperlink-cold-email,blog post,Plain-Text URL vs Hyperlink in Cold Email: Which Formatting Wins?,"The visible URL wins for cold outreach, for filtering reasons, trust reasons, and one sneaky technical reason involving your sequencer's click tracking.",,,,Organization BreadcrumbList Article
https://warminboxes.com/blog/positive-reply-rate-cold-email,blog post,Positive Reply Rate: The Only Cold Email Metric Worth Optimizing,"Total, human, positive, meeting: the metric ladder with formulas and benchmarks, and which layer each rung diagnoses.",,,,Organization BreadcrumbList Article
https://warminboxes.com/blog/pre-warmed-inbox-vs-warmup-tool,blog post,Pre-Warmed Inbox vs Email Warmup Tool: What Each Actually Does,"They are not substitutes. One removes the wait, the other maintains reputation, and warmup pools have gotten riskier. When you need both.",,,,Organization BreadcrumbList Article
https://warminboxes.com/blog/pre-warmed-vs-new-inboxes,blog post,Pre-Warmed vs New Inboxes: Which Should You Buy for Cold Email?,"One sends today at a premium, the other costs a third but needs three weeks. The honest cost math and the two-layer system the best operations run.",,,,Organization BreadcrumbList Article
https://warminboxes.com/blog/prevent-duplicate-leads-cold-email,blog post,Never Cold Email the Same Person Twice: Build a Master Deduplication System,"Dedupe at three levels, email, person, and company, with one master database outside your sequencer. The system we run across 2M scraped leads a month.",,,,Organization BreadcrumbList Article
https://warminboxes.com/blog/prewarmed-inboxes-guide,blog post,Complete Guide to Prewarmed Email Inboxes in 2025,Learn how prewarmed inboxes can revolutionize your cold email campaigns and achieve warm deliverability rates instantly.,,,,Organization BreadcrumbList Article
https://warminboxes.com/blog/qualify-leads-cold-email,blog post,How to Qualify Leads Using Cold Email Campaigns,"Lead qualification through cold email enables efficient sales processes by identifying prospects' budget, authority, need, and timeline before investing signi",,,,Organization BreadcrumbList Article
https://warminboxes.com/blog/recover-rest-retire-cold-email-domain,blog post,"Recover, Rest, or Retire? The Cold Email Domain Decision Tree","Five tests that tell you whether a domain is throttled, damaged, or dead, and the 30-day recovery plan for the ones worth saving.",,,,Organization BreadcrumbList Article
https://warminboxes.com/blog/research-importance,blog post,The Importance of Research in Crafting Effective Cold Emails,"Research serves as the foundation for all successful cold email campaigns, transforming generic outreach into relevant, compelling communications that resonat",,,,Organization BreadcrumbList Article
https://warminboxes.com/blog/role-of-prewarmed-inboxes,blog post,The Role of Prewarmed Inboxes in Cold Email Success,Prewarmed inboxes have revolutionized cold email marketing by eliminating traditional barriers that prevent new email addresses from achieving optimal deliver,,,,Organization BreadcrumbList Article
https://warminboxes.com/blog/route-positive-cold-email-replies-automatically,blog post,Route Positive Cold Email Replies to Sales Reps Automatically,"Reply webhook, AI classification, owner lookup, Slack alert, CRM task: under sixty seconds from reply to rep. The full n8n/Make build.",,,,Organization BreadcrumbList Article
https://warminboxes.com/blog/run-cold-email-agency-client-data,blog post,Run a Cold Email Agency Without Exposing Client Data,"Per-client workspaces, infrastructure, and suppression hubs, the contract clauses, and the habits that prevent accidental exposure.",,,,Organization BreadcrumbList Article
https://warminboxes.com/blog/saas-cold-email-scaling,blog post,How SaaS Companies Scale Cold Email with Prewarmed Inboxes,"Complete guide to scaling SaaS cold email campaigns using prewarmed inboxes from Warminboxes.com. Proven strategies, case studies, and implementation tactics.",,,,Organization BreadcrumbList Article
https://warminboxes.com/blog/scale-cold-email-outreach,blog post,How to Scale Cold Email Outreach Without Hurting Deliverability,Scaling cold email campaigns while maintaining optimal deliverability requires systematic approaches that balance volume growth with reputation protection. Su,,,,Organization BreadcrumbList Article
https://warminboxes.com/blog/scrape-sales-navigator-without-duplicates,blog post,Scrape Sales Navigator Without Duplicate Leads,"Stable profile IDs as the dedupe key, saved lists as truth, partitioned searches, and the scrape log that kills repeats while they are free.",,,,Organization BreadcrumbList Article
https://warminboxes.com/blog/setup-new-email-domain,blog post,How to Set Up a New Email Domain for Cold Email Outreach,Setting up a new email domain for cold email outreach requires careful planning and technical configuration to ensure optimal deliverability while protecting,,,,Organization BreadcrumbList Article
https://warminboxes.com/blog/should-i-cold-email-info-addresses,blog post,"Should You Cold Email info@, sales@ and Other Role Addresses?","Role addresses are mostly deliverability liabilities: unowned inboxes, spam-trap territory, near-zero replies. The rule we run at 2M leads a month, and the on",,,,Organization BreadcrumbList Article
https://warminboxes.com/blog/spf-10-lookup-limit-fix,blog post,SPF PermError: How to Count Nested Lookups and Fix the 10-Lookup Limit,"How the counting actually works, how to audit your own record with a recursive walk, and three safe ways to get back under the limit.",,,,Organization BreadcrumbList Article
https://warminboxes.com/blog/spf-dkim-dmarc-guide,blog post,"The Role of SPF, DKIM, and DMARC in Cold Email Deliverability","Email authentication protocols SPF, DKIM, and DMARC form the technical foundation of email deliverability by verifying sender identity and preventing spoofing",,,,Organization BreadcrumbList Article
https://warminboxes.com/blog/spintax-vs-ai-copy-cold-email,blog post,"Spintax vs AI-Generated Copy for Cold Email: A Decision Framework, Not a Winner","Spintax, AI personalization, hybrid, and static copy all work, in the right industry at the right saturation level. The framework for picking yours.",,,,Organization BreadcrumbList Article
https://warminboxes.com/blog/start-cold-email-agency,blog post,How to Start a Cold Email Agency in 2026,"The service model, pricing clients accept, the tech stack, client acquisition, and the infrastructure mistakes that kill agencies in month three.",,,,Organization BreadcrumbList Article
https://warminboxes.com/blog/stop-ai-hallucinating-cold-email-personalization,blog post,Stop AI From Hallucinating Your Personalization,"Crawl real pages, extract quoted evidence with source URLs, require an insufficient-evidence fallback, then write one grounded sentence.",,,,Organization BreadcrumbList Article
https://warminboxes.com/blog/stop-clay-burning-credits,blog post,"Why Clay Auto-Update Burned 20,000 Credits","The settings that silently burn credits, cost-ordered tables, and the pre-launch checklist that prevents the horror story.",,,,Organization BreadcrumbList Article
https://warminboxes.com/blog/stop-emailing-same-company-twice,blog post,Stop Emailing the Same Company Twice: Domain Suppression and Account Collisions,Email dedupe misses the company-level repeat that gets tenant-wide blocks. The contacted-domains ledger and the collision check before every launch.,,,,Organization BreadcrumbList Article
https://warminboxes.com/blog/subdomain-vs-separate-domain-cold-email,blog post,Do Subdomains Protect Your Main Domain From Cold Email Damage? (Mostly No),"How reputation actually flows between mail.yourco.com and yourco.com, and why we send from fully separate domains, full stop.",,,,Organization BreadcrumbList Article
https://warminboxes.com/blog/surbl-info-domains-microsoft-azure,blog post,SURBL Is Mass-Listing .info Domains on Microsoft and Azure - What Happened and What To Do,"In June 2026, cold email operators started reporting mass SURBL listings hitting .info domains on Microsoft 365 and Azure infrastructure. Here is what we know",,,,Organization BreadcrumbList Article
https://warminboxes.com/blog/sync-unsubscribes-across-cold-email-tools,blog post,"Sync Every Unsubscribe Across Instantly, Smartlead, and HubSpot","Hub-and-spoke automation that propagates every opt-out, hard bounce, and hard no across every sending tool, same day.",,,,Organization BreadcrumbList Article
https://warminboxes.com/blog/test-cold-emails,blog post,How to Test Your Cold Emails for Deliverability Issues,Testing cold emails before sending campaigns prevents deliverability problems and optimizes inbox placement rates. Systematic testing identifies technical iss,,,,Organization BreadcrumbList Article
https://warminboxes.com/blog/track-cold-email-performance-by-domain-inbox-provider,blog post,"Track Performance by Domain, Inbox, and Gmail vs Outlook Recipients",Averages hide the one inbox hurting your whole campaign. Three pivots that find it in ten minutes a week.,,,,Organization BreadcrumbList Article
https://warminboxes.com/blog/uceprotect-l3-blacklist-cold-email,blog post,Listed on UCEPROTECT Level 3? Here Is Why It Almost Never Matters for Cold Email,"L3 lists your host's entire network, not you, and Gmail and Outlook do not use it. What your real delisting odds are, and which blacklists actually have stand",,,,Organization BreadcrumbList Article
https://warminboxes.com/blog/warm-up-new-domain,blog post,How to Warm Up a New Domain for Cold Email Outreach,Warming up a new domain for cold email requires systematic reputation building that establishes trust with email service providers while avoiding common mista,,,,Organization BreadcrumbList Article
https://warminboxes.com/blog/warminboxes-better-results,blog post,How Warminboxes.com Helps You Get Better Results with Cold Email Outreach,Warminboxes.com revolutionizes cold email marketing by providing prewarmed email inboxes that eliminate traditional deliverability barriers and enable immedia,,,,Organization BreadcrumbList Article
https://warminboxes.com/blog/warminboxes-solves-deliverability,blog post,How Warminboxes.com Solves Deliverability Challenges for Marketers,Warminboxes.com addresses fundamental deliverability challenges that prevent marketers from achieving optimal cold email performance. By providing prewarmed e,,,,Organization BreadcrumbList Article
https://warminboxes.com/blog/when-to-add-link-cold-email,blog post,When Should You Add a Link to a Cold Email Sequence?,"What a link costs in email 1 is different from email 3, and different again after someone replies. The position-by-position call, plus the reply-first pattern",,,,Organization BreadcrumbList Article
https://warminboxes.com/blog/which-mailboxes-to-buy-cold-email,blog post,Which Mailboxes to Buy for Cold Email (Match Your Senders to Your List),"Google to Google, Azure to everything else, aged domains for Microsoft, and why gateway-protected domains are the one segment we tell people to skip.",,,,Organization BreadcrumbList Article
https://warminboxes.com/blog/why-cold-email-best-channel,blog post,Why Cold Email Is Still the Best Channel for B2B Lead Generation,"Despite the proliferation of digital marketing channels, cold email remains the most effective method for B2B lead generation due to its unique combination of",,,,Organization BreadcrumbList Article
https://warminboxes.com/blog/write-non-salesy-emails,blog post,How to Write Cold Emails That Don't Sound Salesy,"Creating cold emails that feel like valuable business communications rather than obvious sales pitches requires mastering tone, structure, and content strateg",,,,Organization BreadcrumbList Article
https://warminboxes.com/reviews/adam-startup-accelerator,client review,Adam Review: Prewarmed Inboxes From WarmInboxes | Client Testimonial,Adam from Startup Accelerator shares his experience with Upscale and how it has been amazing for their outreach efforts. Watch Adam's video review of WarmInboxes prewarmed and fresh cold email inboxes.,,,,Organization BreadcrumbList VideoObject
https://warminboxes.com/reviews/aj-cassata-revenue-boost,client review,AJ Cassata Review: Prewarmed Inboxes From WarmInboxes | Client Testimonial,"AJ Cassata, Founder of Revenue Boost, shares how Warm Inboxes helped transform their cold email campaigns and boost client results. Watch AJ Cassata's video review of WarmInboxes prewarmed and fresh cold email inboxes.",,,,Organization BreadcrumbList VideoObject
https://warminboxes.com/reviews/artem-growiq,client review,Artem Review: Prewarmed Inboxes From WarmInboxes | Client Testimonial,"Artem, founder of GrowIQ, explains how he optimised his agency operation by leveraging Warm Inboxes' stellar support and infrastructure. Watch Artem's video review of WarmInboxes prewarmed and fresh cold email inboxes.",,,,Organization BreadcrumbList VideoObject
https://warminboxes.com/reviews/diyor-eleon-acquisition,client review,Diyor Review: Prewarmed Inboxes From WarmInboxes | Client Testimonial,Diyor from Eleon Acquisition shares how WarmInboxes powers the cold email infrastructure behind their client acquisition campaigns. Watch Diyor's video review of WarmInboxes prewarmed and fresh cold email inboxes.,,,,Organization BreadcrumbList VideoObject
https://warminboxes.com/reviews/emmanuel-plnitude,client review,Emmanuel Review: Prewarmed Inboxes From WarmInboxes | Client Testimonial,"Emmanuel, founder of PLNitude, explains how Upscale's cold email infrastructure helped him acquire new clients consistently. Watch Emmanuel's video review of WarmInboxes prewarmed and fresh cold email inboxes.",,,,Organization BreadcrumbList VideoObject
https://warminboxes.com/reviews/ernesto-vilagut,client review,Ernesto Vilagut Review: Prewarmed Inboxes From WarmInboxes | Client Testimonial,Ernesto Vilagut shares his experience with WarmInboxes prewarmed inboxes and the results his cold email campaigns saw after switching. Watch Ernesto Vilagut's video review of WarmInboxes prewarmed and fresh cold email inboxes.,,,,Organization BreadcrumbList VideoObject
https://warminboxes.com/reviews/goodness-revenue-boost,client review,Goodness Review: Prewarmed Inboxes From WarmInboxes | Client Testimonial,Goodness from Revenue Boost shares how Warm Inboxes helped boost their revenue through effective cold email outreach. Watch Goodness's video review of WarmInboxes prewarmed and fresh cold email inboxes.,,,,Organization BreadcrumbList VideoObject
https://warminboxes.com/reviews/hariate,client review,Hariate Review: Prewarmed Inboxes From WarmInboxes | Client Testimonial,Hariate shares how Upscale helped set up cold email infrastructure that consistently generates new clients. Watch Hariate's video review of WarmInboxes prewarmed and fresh cold email inboxes.,,,,Organization BreadcrumbList VideoObject
https://warminboxes.com/reviews/harry,client review,Harry Review: Prewarmed Inboxes From WarmInboxes | Client Testimonial,Harry gives Upscale a perfect 10/10 rating and explains why he'd recommend their services. Watch Harry's video review of WarmInboxes prewarmed and fresh cold email inboxes.,,,,Organization BreadcrumbList VideoObject
https://warminboxes.com/reviews/hussien-al-hirz,client review,Hussien Al Hirz Review: Prewarmed Inboxes From WarmInboxes | Client Testimonial,Hussien shares his experience with the exceptional support provided by the team. Watch Hussien Al Hirz's video review of WarmInboxes prewarmed and fresh cold email inboxes.,,,,Organization BreadcrumbList VideoObject
https://warminboxes.com/reviews/jagbir,client review,Jagbir Review: Prewarmed Inboxes From WarmInboxes | Client Testimonial,Jagbir discusses how Upscale consistently overdelivered on their promises and exceeded expectations. Watch Jagbir's video review of WarmInboxes prewarmed and fresh cold email inboxes.,,,,Organization BreadcrumbList VideoObject
https://warminboxes.com/reviews/jake,client review,Jake Review: Prewarmed Inboxes From WarmInboxes | Client Testimonial,"Jake shares how Warm Inboxes helped him generate £78,918 worth of quotes through cold email outreach. Watch Jake's video review of WarmInboxes prewarmed and fresh cold email inboxes.",,,,Organization BreadcrumbList VideoObject
https://warminboxes.com/reviews/jakub,client review,Jakub Review: Prewarmed Inboxes From WarmInboxes | Client Testimonial,Jakub shares his results with WarmInboxes prewarmed inboxes and what working with the team has been like. Watch Jakub's video review of WarmInboxes prewarmed and fresh cold email inboxes.,,,,Organization BreadcrumbList VideoObject
https://warminboxes.com/reviews/josiah-ansu-agency-advanta,client review,Josiah Ansu Review: Prewarmed Inboxes From WarmInboxes | Client Testimonial,"Josiah Ansu, Founder of Agency Advanta, on four years of running client cold email on WarmInboxes prewarmed and fresh inboxes across around 400 B2B clients. Watch Josiah Ansu's video review of WarmInboxes prewarmed and fresh cold email inboxes.",,,,Organization BreadcrumbList VideoObject
https://warminboxes.com/reviews/leevi-agency-velocity,client review,Leevi Review: Prewarmed Inboxes From WarmInboxes | Client Testimonial,"Leevi, founder of Agency Velocity, shares how Warm Inboxes provides the easiest way to launch cold email campaigns. Watch Leevi's video review of WarmInboxes prewarmed and fresh cold email inboxes.",,,,Organization BreadcrumbList VideoObject
https://warminboxes.com/reviews/louis-castelli,client review,Louis Review: Prewarmed Inboxes From WarmInboxes | Client Testimonial,"Louis, founder of Castelli Soun, shares his positive experience working with the Upscale team and the results they delivered. Watch Louis's video review of WarmInboxes prewarmed and fresh cold email inboxes.",,,,Organization BreadcrumbList VideoObject
https://warminboxes.com/reviews/naufal-understory,client review,Naufal Review: Prewarmed Inboxes From WarmInboxes | Client Testimonial,"Naufal, Head GTM Engineer at Understory, shares how Warm Inboxes helped optimize their go-to-market email strategy. Watch Naufal's video review of WarmInboxes prewarmed and fresh cold email inboxes.",,,,Organization BreadcrumbList VideoObject
https://warminboxes.com/reviews/papa-leveraged-outbound,client review,Papa Review: Prewarmed Inboxes From WarmInboxes | Client Testimonial,"Papa, founder of Leveraged Outbound, shares how Warm Inboxes saved them from losing clients when their infrastructure was completely burned. Watch Papa's video review of WarmInboxes prewarmed and fresh cold email inboxes.",,,,Organization BreadcrumbList VideoObject
https://warminboxes.com/reviews/phil-sergenti-mailfirst,client review,Phil Sergenti Review: Prewarmed Inboxes From WarmInboxes | Client Testimonial,"Phil Sergenti, Founder of MailFirst, shares how Warm Inboxes provides the infrastructure foundation that powers his cold email campaigns for VC-backed B2B companies. Watch Phil Sergenti's video review of WarmInboxes prewarmed and fresh cold email inboxes.",,,,Organization BreadcrumbList VideoObject
https://warminboxes.com/reviews/robert,client review,Robert Review: Prewarmed Inboxes From WarmInboxes | Client Testimonial,Robert shares his positive experience with the prewarmed inboxes and how they impacted his cold email campaigns. Watch Robert's video review of WarmInboxes prewarmed and fresh cold email inboxes.,,,,Organization BreadcrumbList VideoObject
https://warminboxes.com/reviews/ryan-growth-circle,client review,Ryan Review: Prewarmed Inboxes From WarmInboxes | Client Testimonial,"Ryan, founder of Growth Circle, explains how Upscale's solution saved his team countless hours while improving their cold email results. Watch Ryan's video review of WarmInboxes prewarmed and fresh cold email inboxes.",,,,Organization BreadcrumbList VideoObject
https://warminboxes.com/reviews/sabrina-marketplace,client review,Sabrina Review: Prewarmed Inboxes From WarmInboxes | Client Testimonial,Sabrina discusses how Upscale helped her marketplace reach their target audience and acquire new clients. Watch Sabrina's video review of WarmInboxes prewarmed and fresh cold email inboxes.,,,,Organization BreadcrumbList VideoObject
https://warminboxes.com/reviews/will-carecraft,client review,Will Review: Prewarmed Inboxes From WarmInboxes | Client Testimonial,"Will, founder of Carecraft Media, discusses how prewarmed inboxes from Upscale revolutionized their client outreach strategy. Watch Will's video review of WarmInboxes prewarmed and fresh cold email inboxes.",,,,Organization BreadcrumbList VideoObject
https://warminboxes.com/leads/3d-printing-prototyping-united-states,lead list,3D Printing & Prototyping Studios - United States | Free Lead List,"Free download: 3D Printing & Prototyping Studios - United States. 7,500 leads, emails not included so you enrich them yourself. Who this is for: materials and",Manufacturing,7500,0,Organization BreadcrumbList Dataset
https://warminboxes.com/leads/abrasives-manufacturing-companies-clay-2026,lead list,Abrasives Manufacturing Companies - Clay 2026 | Free Lead List,"Free download: Abrasives Manufacturing Companies - Clay 2026. 535 leads, emails not included so you enrich them yourself. Who this is for: raw material suppli",Manufacturing,535,0,Organization BreadcrumbList Dataset
https://warminboxes.com/leads/accessible-architecture-designs-clay-2026,lead list,Accessible Architecture & Designs - Clay 2026 | Free Lead List,"Free download: Accessible Architecture & Designs - Clay 2026. 6,100 leads, emails not included so you enrich them yourself. Who this is for: CAD and BIM softw",Architecture & Design,6100,0,Organization BreadcrumbList Dataset
https://warminboxes.com/leads/accommodation-services-clay-2026,lead list,Accommodation Services - Clay 2026 | Free Lead List,"Free download: Accommodation Services - Clay 2026. 5,000 leads, emails not included so you enrich them yourself. Who this is for: property management systems,",Hospitality,5000,0,Organization BreadcrumbList Dataset
https://warminboxes.com/leads/accountant-united-states,lead list,Accountant - United States | Free Lead List,"Free download: Accountant - United States. 87,800 leads, emails not included so you enrich them yourself. Who this is for: tax and bookkeeping software, payro",Accountants,87800,0,Organization BreadcrumbList Dataset
https://warminboxes.com/leads/accountants-canada-clay-2026,lead list,Accountants - Canada - Clay 2026 | Free Lead List,"Free download: Accountants - Canada - Clay 2026. 9,800 leads, emails not included so you enrich them yourself. Who this is for: vendors and agencies selling t",Accountants,9800,0,Organization BreadcrumbList Dataset
https://warminboxes.com/leads/accountants-united-kingdom-clay-2026,lead list,Accountants - United Kingdom - Clay 2026 | Free Lead List,"Free download: Accountants - United Kingdom - Clay 2026. 30,000 leads, emails not included so you enrich them yourself. Who this is for: UK and international",Accountants,30000,0,Organization BreadcrumbList Dataset
https://warminboxes.com/leads/accountants-united-states-clay-2026,lead list,Accountants - United States - Clay 2026 | Free Lead List,"Free download: Accountants - United States - Clay 2026. 67,600 leads, emails not included so you enrich them yourself. Who this is for: fintech and accounting",Accountants,67600,0,Organization BreadcrumbList Dataset
https://warminboxes.com/leads/accounting-firm-business-development-contacts,lead list,Accounting Firm Business Development Contacts | Free Lead List,"Free download: Accounting Firm Business Development Contacts. 5,000 leads, emails not included so you enrich them yourself. Who this is for: referral and part",Accountants,5000,0,Organization BreadcrumbList Dataset
https://warminboxes.com/leads/accounting-firm-owners,lead list,Accounting Firm Owners | Free Lead List,"Free download: Accounting Firm Owners. 24,915 leads, emails not included so you enrich them yourself. Who this is for: anyone who needs the person who signs,",Accountants,24915,0,Organization BreadcrumbList Dataset
https://warminboxes.com/leads/accounting-firm-sales-contacts,lead list,Accounting Firm Sales Contacts | Free Lead List,"Free download: Accounting Firm Sales Contacts. 5,000 leads, emails not included so you enrich them yourself. Who this is for: CRM and proposal tooling, outbou",Accountants,5000,0,Organization BreadcrumbList Dataset
https://warminboxes.com/leads/accounting-firms-full-database,lead list,Accounting Firms - Full Database | Free Lead List,"Free download: Accounting Firms - Full Database. 119,203 leads, emails not included so you enrich them yourself. Who this is for: accounting and practice-mana",Accountants,119203,0,Organization BreadcrumbList Dataset
https://warminboxes.com/leads/accounting-software-companies-united-states,lead list,Accounting Software Companies - United States | Free Lead List,"Free download: Accounting Software Companies - United States. 45,700 leads, emails not included so you enrich them yourself. Who this is for: integrations and",Software & Technology,45700,0,Organization BreadcrumbList Dataset
https://warminboxes.com/leads/acoustic-ceiling-soundproofing-united-states,lead list,Acoustic Ceiling & Soundproofing - United States | Free Lead List,"Free download: Acoustic Ceiling & Soundproofing - United States. 13,000 leads, emails not included so you enrich them yourself. Who this is for: materials and",Construction,13000,0,Organization BreadcrumbList Dataset
https://warminboxes.com/leads/acoustical-consultant-united-states,lead list,Acoustical Consultant - United States | Free Lead List,"Free download: Acoustical Consultant - United States. 5,400 leads, emails not included so you enrich them yourself. Who this is for: acoustic material manufac",Business Services,5400,0,Organization BreadcrumbList Dataset
https://warminboxes.com/leads/acrobatic-diving-pools-united-states,lead list,Acrobatic & Diving Pools - United States | Free Lead List,"Free download: Acrobatic & Diving Pools - United States. 65,200 leads, emails not included so you enrich them yourself. Who this is for: facility-management s",Sports & Recreation,65200,0,Organization BreadcrumbList Dataset
https://warminboxes.com/leads/acrylic-store-united-states,lead list,Acrylic Store - United States | Free Lead List,"Free download: Acrylic Store - United States. 597,800 leads, emails not included so you enrich them yourself. Who this is for: sheet and resin wholesalers, CN",Retail,597800,0,Organization BreadcrumbList Dataset
https://warminboxes.com/leads/acupuncture-clinic-united-states,lead list,Acupuncture Clinic - United States | Free Lead List,"Free download: Acupuncture Clinic - United States. 616,300 leads, emails not included so you enrich them yourself. Who this is for: practice management and bo",Healthcare,616300,0,Organization BreadcrumbList Dataset
https://warminboxes.com/leads/acupuncture-schools-united-states,lead list,Acupuncture Schools - United States | Free Lead List,"Free download: Acupuncture Schools - United States. 56,100 leads, emails not included so you enrich them yourself. Who this is for: enrollment and LMS softwar",Education,56100,0,Organization BreadcrumbList Dataset
https://warminboxes.com/leads/acura-dealers-united-states,lead list,Acura Dealers - United States | Free Lead List,"Free download: Acura Dealers - United States. 1,400 leads, emails not included so you enrich them yourself. Who this is for: automotive software and DMS vendo",Automotives,1400,0,Organization BreadcrumbList Dataset
https://warminboxes.com/leads/addiction-treatment-center-united-states,lead list,Addiction Treatment Center - United States | Free Lead List,"Free download: Addiction Treatment Center - United States. 354,300 leads, emails not included so you enrich them yourself. Who this is for: EHR and billing pl",Healthcare,354300,0,Organization BreadcrumbList Dataset
https://warminboxes.com/leads/administration-of-justice-clay-2026,lead list,Administration of Justice - Clay 2026 | Free Lead List,"Free download: Administration of Justice - Clay 2026. 11,600 leads, emails not included so you enrich them yourself. Who this is for: case management and reco",Legal Services,11600,0,Organization BreadcrumbList Dataset
https://warminboxes.com/leads/administrative-attorney-united-states,lead list,Administrative Attorney - United States | Free Lead List,"Free download: Administrative Attorney - United States. 166,200 leads, emails not included so you enrich them yourself. Who this is for: practice management a",Legal Services,166200,0,Organization BreadcrumbList Dataset
https://warminboxes.com/leads/administrative-support-europe-clay-2026,lead list,Administrative Support - Europe - Clay 2026 | Free Lead List,"Free download: Administrative Support - Europe - Clay 2026. 2,800 leads, emails not included so you enrich them yourself. Who this is for: VA agencies, back-o",Business Services,2800,0,Organization BreadcrumbList Dataset
https://warminboxes.com/leads/administrative-support-non-us-uk-eu-clay-2026,lead list,"Administrative Support - Non (US, UK, EU) - Clay 2026 | Free Lead List","Free download: Administrative Support - Non (US, UK, EU) - Clay 2026. 8,800 leads, emails not included so you enrich them yourself. Who this is for: VA agenci",Business Services,8800,0,Organization BreadcrumbList Dataset
https://warminboxes.com/leads/administrative-support-united-kingdom-clay-2026,lead list,Administrative Support - United Kingdom - Clay 2026 | Free Lead List,"Free download: Administrative Support - United Kingdom - Clay 2026. 1,000 leads, emails not included so you enrich them yourself. Who this is for: VA agencies",Business Services,1000,0,Organization BreadcrumbList Dataset
https://warminboxes.com/leads/administrative-support-united-states-clay-2026,lead list,Administrative Support - United States - Clay 2026 | Free Lead List,"Free download: Administrative Support - United States - Clay 2026. 1,800 leads, emails not included so you enrich them yourself. Who this is for: VA agencies,",Business Services,1800,0,Organization BreadcrumbList Dataset
https://warminboxes.com/leads/adoption-agency-us,lead list,Adoption Agency - US | Free Lead List,"Free download: Adoption Agency - US. 266,300 leads, emails not included so you enrich them yourself. Who this is for: case management software, background che",Local Business,266300,0,Organization BreadcrumbList Dataset
https://warminboxes.com/leads/adult-continuing-education-centers-united-states,lead list,Adult Continuing Education Centers - United States | Free Lead List,"Free download: Adult Continuing Education Centers - United States. 48,300 leads, emails not included so you enrich them yourself. Who this is for: LMS and enr",Education,48300,0,Organization BreadcrumbList Dataset
https://warminboxes.com/leads/adult-day-care-center,lead list,Adult Day Care Center | Free Lead List,"Free download: Adult Day Care Center. 603,000 leads, emails not included so you enrich them yourself. Who this is for: care management software, transport and",Healthcare,603000,0,Organization BreadcrumbList Dataset
https://warminboxes.com/leads/adult-dvd-store-united-states,lead list,Adult Dvd Store - United States | Free Lead List,"Free download: Adult Dvd Store - United States. 15,400 leads, emails not included so you enrich them yourself. Who this is for: distributors and wholesalers,",Retail,15400,0,Organization BreadcrumbList Dataset
https://warminboxes.com/leads/adult-education-school-us,lead list,Adult Education School - US | Free Lead List,"Free download: Adult Education School - US. 236,500 leads, emails not included so you enrich them yourself. Who this is for: LMS and enrolment platforms, curr",Education,236500,0,Organization BreadcrumbList Dataset
https://warminboxes.com/leads/adult-entertainment-club-united-states,lead list,Adult Entertainment Club - United States | Free Lead List,"Free download: Adult Entertainment Club - United States. 240,800 leads, emails not included so you enrich them yourself. Who this is for: POS and cashless pay",Events & Entertainment,240800,0,Organization BreadcrumbList Dataset
https://warminboxes.com/leads/adult-foster-care-united-states,lead list,Adult Foster Care Services - United States | Free Lead List,"Free download: Adult Foster Care Services - United States. 71,500 leads, emails not included so you enrich them yourself. Who this is for: care-management and",Healthcare,71500,0,Organization BreadcrumbList Dataset
https://warminboxes.com/leads/adults-all-countries-storeleads-db-2026,lead list,Adults All Countries - Storeleads DB 2026 | Free Lead List,"Free download: Adults All Countries - Storeleads DB 2026. 13,600 leads with 6,200 verified emails. Who this is for: age verification and payment processors bu",Ecommerce,13600,6200,Organization BreadcrumbList Dataset
https://warminboxes.com/leads/adventure-lodges-united-states,lead list,"Adventure Lodges (Diving, Surf, Rafting) - United States | Free Lead List","Free download: Adventure Lodges (Diving, Surf, Rafting) - United States. 18,500 leads, emails not included so you enrich them yourself. Who this is for: booki",Hospitality,18500,0,Organization BreadcrumbList Dataset
https://warminboxes.com/leads/adventure-sports-center,lead list,Adventure Sports Center | Free Lead List,"Free download: Adventure Sports Center. 671,900 leads, emails not included so you enrich them yourself. Who this is for: booking and waiver software, equipmen",Sports & Recreation,671900,0,Organization BreadcrumbList Dataset
https://warminboxes.com/leads/advertising-agency-us,lead list,Advertising Agency - US | Free Lead List,"Free download: Advertising Agency - US. 800,000 leads, emails not included so you enrich them yourself. Who this is for: white label production and media buyi",Marketing,800000,0,Organization BreadcrumbList Dataset
https://warminboxes.com/leads/advertising-photographer,lead list,Advertising Photographer | Free Lead List,"Free download: Advertising Photographer. 1,050,000 leads, emails not included so you enrich them yourself. Who this is for: gear and lighting suppliers, retou",Photography & Media,1050000,0,Organization BreadcrumbList Dataset
https://warminboxes.com/leads/advertising-services-australia-clay-2026,lead list,Advertising Services - Australia - Clay 2026 | Free Lead List,"Free download: Advertising Services - Australia - Clay 2026. 18,000 leads, emails not included so you enrich them yourself. Who this is for: martech and ad pl",Marketing,18000,0,Organization BreadcrumbList Dataset
https://warminboxes.com/leads/advertising-services-united-kingdom-clay-2026,lead list,Advertising Services - United Kingdom - Clay 2026 | Free Lead List,"Free download: Advertising Services - United Kingdom - Clay 2026. 32,000 leads, emails not included so you enrich them yourself. Who this is for: martech and",Marketing,32000,0,Organization BreadcrumbList Dataset
https://warminboxes.com/leads/advertising-services-united-states-clay-2026,lead list,Advertising Services - United States - Clay 2026 | Free Lead List,"Free download: Advertising Services - United States - Clay 2026. 128,500 leads, emails not included so you enrich them yourself. Who this is for: martech and",Marketing,128500,0,Organization BreadcrumbList Dataset
https://warminboxes.com/leads/advertising-us,lead list,Advertising - US | Free Lead List,"Free download: Advertising - US. 220,600 leads, emails not included so you enrich them yourself. Who this is for: adtech and analytics vendors, production and",Marketing,220600,0,Organization BreadcrumbList Dataset
https://warminboxes.com/leads/aerated-drinks-supplier,lead list,Aerated Drinks Supplier | Free Lead List,"Free download: Aerated Drinks Supplier. 716,300 leads, emails not included so you enrich them yourself. Who this is for: bottling and packaging suppliers, dis",Food & Beverage,716300,0,Organization BreadcrumbList Dataset
https://warminboxes.com/leads/aerial-installation-service,lead list,Aerial Installation Service | Free Lead List,"Free download: Aerial Installation Service. 778,300 leads, emails not included so you enrich them yourself. Who this is for: aerial and satellite equipment di",Home Services,778300,0,Organization BreadcrumbList Dataset
https://warminboxes.com/leads/aerial-photographer,lead list,Aerial Photographer | Free Lead List,"Free download: Aerial Photographer. 837,700 leads, emails not included so you enrich them yourself. Who this is for: drone manufacturers and parts suppliers,",Photography & Media,837700,0,Organization BreadcrumbList Dataset
https://warminboxes.com/leads/aeroclubs-united-states,lead list,Aeroclubs - United States | Free Lead List,"Free download: Aeroclubs - United States. 5,400 leads, emails not included so you enrich them yourself. Who this is for: aviation software and scheduling tool",Sports & Recreation,5400,0,Organization BreadcrumbList Dataset
https://warminboxes.com/leads/aerospace-companies-canada-clay-2026,lead list,Aerospace Companies - Canada - Clay 2026 | Free Lead List,"Free download: Aerospace Companies - Canada - Clay 2026. 1,600 leads, emails not included so you enrich them yourself. Who this is for: component and material",Airlines & Aviation,1600,0,Organization BreadcrumbList Dataset
https://warminboxes.com/leads/aerospace-companies-uk-clay-2026,lead list,Aerospace Companies - UK - Clay 2026 | Free Lead List,"Free download: Aerospace Companies - UK - Clay 2026. 6,300 leads, emails not included so you enrich them yourself. Who this is for: component and materials su",Airlines & Aviation,6300,0,Organization BreadcrumbList Dataset
https://warminboxes.com/leads/aerospace-companies-us-clay-2026,lead list,Aerospace Companies - US - Clay 2026 | Free Lead List,"Free download: Aerospace Companies - US - Clay 2026. 29,000 leads, emails not included so you enrich them yourself. Who this is for: component and materials s",Airlines & Aviation,29000,0,Organization BreadcrumbList Dataset
https://warminboxes.com/leads/aesthetic-clinic,lead list,Aesthetic Clinic | Free Lead List,"Free download: Aesthetic Clinic. 117,000 leads, emails not included so you enrich them yourself. Who this is for: injectable and device suppliers, booking and",Beauty,117000,0,Organization BreadcrumbList Dataset
https://warminboxes.com/leads/after-school-enrichment-programs-us,lead list,After-School Enrichment Programs - US | Free Lead List,"Free download: After-School Enrichment Programs - US. 121,700 leads, emails not included so you enrich them yourself. Who this is for: curriculum and coursewa",Education,121700,0,Organization BreadcrumbList Dataset
https://warminboxes.com/leads/agricultural-and-machinery-companies-clay-2026,lead list,Agricultural and Machinery Companies - Clay 2026 | Free Lead List,"Free download: Agricultural and Machinery Companies - Clay 2026. 32,000 leads, emails not included so you enrich them yourself. Who this is for: parts and com",Manufacturing,32000,0,Organization BreadcrumbList Dataset
https://warminboxes.com/leads/agricultural-chemical-manufacturing-clay-2026,lead list,Agricultural Chemical Manufacturing - Clay 2026 | Free Lead List,"Free download: Agricultural Chemical Manufacturing - Clay 2026. 5,700 leads, emails not included so you enrich them yourself. Who this is for: raw material su",Manufacturing,5700,0,Organization BreadcrumbList Dataset
https://warminboxes.com/leads/agriculture-farming-forestry-canada-clay-2026,lead list,Agriculture Farming Forestry - Canada- Clay 2026 | Free Lead List,"Free download: Agriculture Farming Forestry - Canada- Clay 2026. 5,600 leads, emails not included so you enrich them yourself. Who this is for: equipment and",Farming,5600,0,Organization BreadcrumbList Dataset
https://warminboxes.com/leads/agriculture-farming-forestry-uk-clay-2026,lead list,Agriculture Farming Forestry - UK- Clay 2026 | Free Lead List,"Free download: Agriculture Farming Forestry - UK- Clay 2026. 9,600 leads, emails not included so you enrich them yourself. Who this is for: equipment and inpu",Farming,9600,0,Organization BreadcrumbList Dataset
https://warminboxes.com/leads/agriculture-farming-forestry-us-clay-2026,lead list,Agriculture Farming Forestry - US- Clay 2026 | Free Lead List,"Free download: Agriculture Farming Forestry - US- Clay 2026. 68,300 leads, emails not included so you enrich them yourself. Who this is for: equipment and inp",Farming,68300,0,Organization BreadcrumbList Dataset
https://warminboxes.com/leads/agritourism-farm-stays-united-states,lead list,Agritourism & Farm Stays - United States | Free Lead List,"Free download: Agritourism & Farm Stays - United States. 21,500 leads, emails not included so you enrich them yourself. Who this is for: booking and hospitali",Hospitality,21500,0,Organization BreadcrumbList Dataset
https://warminboxes.com/leads/ai-saas-companies-instantly-export,lead list,AI and SAAS Companies Instantly DB Export | Free Lead List,"Free download: AI and SAAS Companies Instantly DB Export. 681 leads with 681 verified emails. Who this is for: agencies selling to SaaS, tool vendors with int",SaaS,681,681,Organization BreadcrumbList Dataset
https://warminboxes.com/leads/airlines-and-aviation-non-united-states-non-uk-clay-2026,lead list,Airlines and Aviation - Non United States & Non UK - Clay 2026 | Free Lead List,"Free download: Airlines and Aviation - Non United States & Non UK - Clay 2026. 38,800 leads, emails not included so you enrich them yourself. Who this is for:",Airlines & Aviation,38800,0,Organization BreadcrumbList Dataset
https://warminboxes.com/leads/airlines-and-aviation-united-states-clay-2026,lead list,Airlines and Aviation - United States - Clay 2026 | Free Lead List,"Free download: Airlines and Aviation - United States - Clay 2026. 20,400 leads, emails not included so you enrich them yourself. Who this is for: MRO and part",Airlines & Aviation,20400,0,Organization BreadcrumbList Dataset
https://warminboxes.com/leads/airlines-aviation-uk-clay-2026,lead list,Airlines & Aviation - UK - Clay 2026 | Free Lead List,"Free download: Airlines & Aviation - UK - Clay 2026. 9,900 leads, emails not included so you enrich them yourself. Who this is for: MRO and parts suppliers, a",Airlines & Aviation,9900,0,Organization BreadcrumbList Dataset
https://warminboxes.com/leads/airport-transit-hotels-united-states,lead list,Airport & Transit Hotels - United States | Free Lead List,"Free download: Airport & Transit Hotels - United States. 32,000 leads, emails not included so you enrich them yourself. Who this is for: hospitality software,",Hospitality,32000,0,Organization BreadcrumbList Dataset
https://warminboxes.com/leads/alabama-business-development-contacts-clay-2026,lead list,Alabama Business Development Contacts - Clay 2026 | Free Lead List,"Free download: Alabama Business Development Contacts - Clay 2026. 897 leads, emails not included so you enrich them yourself. Who this is for: partnership and",Decision Makers,897,0,Organization BreadcrumbList Dataset
https://warminboxes.com/leads/alabama-facility-management-contacts-clay-2026,lead list,Alabama Facility Management Contacts - Clay 2026 | Free Lead List,"Free download: Alabama Facility Management Contacts - Clay 2026. 4,641 leads, emails not included so you enrich them yourself. Who this is for: commercial cle",Decision Makers,4641,0,Organization BreadcrumbList Dataset
https://warminboxes.com/leads/alabama-owners-clay-2026,lead list,Alabama Owners - Clay 2026 | Free Lead List,"Free download: Alabama Owners - Clay 2026. 2,586 leads, emails not included so you enrich them yourself. Who this is for: business loans and financing, insura",Decision Makers,2586,0,Organization BreadcrumbList Dataset
https://warminboxes.com/leads/alabama-sales-contacts-clay-2026,lead list,Alabama Sales Contacts - Clay 2026 | Free Lead List,"Free download: Alabama Sales Contacts - Clay 2026. 1,158 leads, emails not included so you enrich them yourself. Who this is for: CRM and sales tooling, outbo",Decision Makers,1158,0,Organization BreadcrumbList Dataset
https://warminboxes.com/leads/allergists-immunologists-united-states,lead list,Allergists & Immunologists - United States | Free Lead List,"Free download: Allergists & Immunologists - United States. 17,200 leads, emails not included so you enrich them yourself. Who this is for: practice-management",Healthcare,17200,0,Organization BreadcrumbList Dataset
https://warminboxes.com/leads/alternative-dispute-resolution-clay-2026,lead list,Alternative Dispute Resolution - Clay 2026 | Free Lead List,"Free download: Alternative Dispute Resolution - Clay 2026. 6,100 leads, emails not included so you enrich them yourself. Who this is for: case management soft",Legal Services,6100,0,Organization BreadcrumbList Dataset
https://warminboxes.com/leads/alternative-medicine-companies-clay-2026,lead list,Alternative Medicine Companies - Clay 2026 | Free Lead List,"Free download: Alternative Medicine Companies - Clay 2026. 30,800 leads, emails not included so you enrich them yourself. Who this is for: practice software,",Healthcare,30800,0,Organization BreadcrumbList Dataset
https://warminboxes.com/leads/ambulance-services-clay-2026,lead list,Ambulance Services - Clay 2026 | Free Lead List,"Free download: Ambulance Services - Clay 2026. 1,000 leads, emails not included so you enrich them yourself. Who this is for: fleet and dispatch software, med",Healthcare,1000,0,Organization BreadcrumbList Dataset
https://warminboxes.com/leads/amusement-parks-arcades-clay-2026,lead list,Amusement Parks & Arcades - Clay 2026 | Free Lead List,"Free download: Amusement Parks & Arcades - Clay 2026. 1,800 leads, emails not included so you enrich them yourself. Who this is for: ticketing and POS softwar",Sports & Recreation,1800,0,Organization BreadcrumbList Dataset
https://warminboxes.com/leads/angel-investors-2025-apollo-export,lead list,Angel Investors 2025 - Apollo DB Export | Free Lead List,"Free download: Angel Investors 2025 - Apollo DB Export. 12,500 leads with 12,500 verified emails. Who this is for: founders raising pre-seed or seed, fund man",Investors,12500,12500,Organization BreadcrumbList Dataset
https://warminboxes.com/leads/animal-feed-manufacturing-clay-2026,lead list,Animal Feed Manufacturing - Clay 2026 | Free Lead List,"Free download: Animal Feed Manufacturing - Clay 2026. 2,900 leads, emails not included so you enrich them yourself. Who this is for: ingredient and additive s",Manufacturing,2900,0,Organization BreadcrumbList Dataset
https://warminboxes.com/leads/animal-hospital,lead list,Animal Hospital | Free Lead List,"Free download: Animal Hospital. 294,300 leads, emails not included so you enrich them yourself. Who this is for: veterinary practice management software, medi",Pet Services,294300,0,Organization BreadcrumbList Dataset
https://warminboxes.com/leads/animation-clay-2026,lead list,Animation - Clay 2026 | Free Lead List,"Free download: Animation - Clay 2026. 19,600 leads, emails not included so you enrich them yourself. Who this is for: production software and render infrastru",Photography & Media,19600,0,Organization BreadcrumbList Dataset
https://warminboxes.com/leads/antiques-collectibles-all-countries-storeleads-db2026,lead list,Antiques & Collectibles All Countries - Storeleads DB2026 | Free Lead List,"Free download: Antiques & Collectibles All Countries - Storeleads DB2026. 15,000 leads with 7,400 verified emails. Who this is for: auction and marketplace pl",Ecommerce,15000,7400,Organization BreadcrumbList Dataset
https://warminboxes.com/leads/apparel-and-fashion-companies-excluding-uk-us-clay-2026,lead list,Apparel and Fashion Companies - Excluding UK & US - Clay 2026 | Free Lead List,"Free download: Apparel and Fashion Companies - Excluding UK & US - Clay 2026. 42,800 leads, emails not included so you enrich them yourself. Who this is for:",Manufacturing,42800,0,Organization BreadcrumbList Dataset
https://warminboxes.com/leads/apparel-and-fashion-companies-uk-clay-2026,lead list,Apparel and Fashion Companies - UK - Clay 2026 | Free Lead List,"Free download: Apparel and Fashion Companies - UK - Clay 2026. 3,500 leads, emails not included so you enrich them yourself. Who this is for: fabric and trim",Manufacturing,3500,0,Organization BreadcrumbList Dataset
https://warminboxes.com/leads/apparel-and-fashion-companies-us-clay-2026,lead list,Apparel and Fashion Companies - US - Clay 2026 | Free Lead List,"Free download: Apparel and Fashion Companies - US - Clay 2026. 15,300 leads, emails not included so you enrich them yourself. Who this is for: fabric and trim",Manufacturing,15300,0,Organization BreadcrumbList Dataset
https://warminboxes.com/leads/apparel-manufacturing-clay-2026,lead list,Apparel Manufacturing - Clay 2026 | Free Lead List,"Free download: Apparel Manufacturing - Clay 2026. 10,000 leads, emails not included so you enrich them yourself. Who this is for: fabric and trim suppliers, P",Manufacturing,10000,0,Organization BreadcrumbList Dataset
https://warminboxes.com/leads/apparels-all-types-storeleads-db-2026,lead list,Apparels All Types - Storeleads DB 2026 | Free Lead List,"Free download: Apparels All Types - Storeleads DB 2026. 1,248,300 leads with 451,700 verified emails. Who this is for: print on demand and manufacturing partn",Ecommerce,1248300,451700,Organization BreadcrumbList Dataset
https://warminboxes.com/leads/architecture-and-planning-companies-us-clay-2026,lead list,Architecture and Planning Companies - US - Clay 2026 | Free Lead List,"Free download: Architecture and Planning Companies - US - Clay 2026. 49,900 leads, emails not included so you enrich them yourself. Who this is for: CAD and B",Architecture & Design,49900,0,Organization BreadcrumbList Dataset
https://warminboxes.com/leads/architecture-firms-united-states,lead list,Architecture Firms - United States | Free Lead List,"Free download: Architecture Firms - United States. 43,900 leads, emails not included so you enrich them yourself. Who this is for: design and CAD/BIM software",Architecture & Design,43900,0,Organization BreadcrumbList Dataset
https://warminboxes.com/leads/architecture-metal-manufacturing-canada-clay-2026,lead list,Architecture Metal Manufacturing - Canada - Clay 2026 | Free Lead List,"Free download: Architecture Metal Manufacturing - Canada - Clay 2026. 5,200 leads, emails not included so you enrich them yourself. Who this is for: metal sup",Manufacturing,5200,0,Organization BreadcrumbList Dataset
https://warminboxes.com/leads/architecture-metal-manufacturing-uk-clay-2026,lead list,Architecture Metal Manufacturing - UK - Clay 2026 | Free Lead List,"Free download: Architecture Metal Manufacturing - UK - Clay 2026. 20,800 leads, emails not included so you enrich them yourself. Who this is for: metal suppli",Manufacturing,20800,0,Organization BreadcrumbList Dataset
https://warminboxes.com/leads/arizona-business-development-contacts-clay-2026,lead list,Arizona Business Development Contacts - Clay 2026 | Free Lead List,"Free download: Arizona Business Development Contacts - Clay 2026. 2,884 leads, emails not included so you enrich them yourself. Who this is for: partnership a",Decision Makers,2884,0,Organization BreadcrumbList Dataset
https://warminboxes.com/leads/arizona-facility-management-contacts-clay-2026,lead list,Arizona Facility Management Contacts - Clay 2026 | Free Lead List,"Free download: Arizona Facility Management Contacts - Clay 2026. 15,200 leads, emails not included so you enrich them yourself. Who this is for: commercial cl",Decision Makers,15200,0,Organization BreadcrumbList Dataset
https://warminboxes.com/leads/arizona-owners-clay-2026,lead list,Arizona Owners - Clay 2026 | Free Lead List,"Free download: Arizona Owners - Clay 2026. 8,757 leads, emails not included so you enrich them yourself. Who this is for: business loans and financing, insura",Decision Makers,8757,0,Organization BreadcrumbList Dataset
https://warminboxes.com/leads/arizona-sales-contacts-clay-2026,lead list,Arizona Sales Contacts - Clay 2026 | Free Lead List,"Free download: Arizona Sales Contacts - Clay 2026. 3,660 leads, emails not included so you enrich them yourself. Who this is for: CRM and sales tooling, outbo",Decision Makers,3660,0,Organization BreadcrumbList Dataset
https://warminboxes.com/leads/arkansas-facility-management-contacts-clay-2026,lead list,Arkansas Facility Management Contacts - Clay 2026 | Free Lead List,"Free download: Arkansas Facility Management Contacts - Clay 2026. 2,522 leads, emails not included so you enrich them yourself. Who this is for: commercial cl",Decision Makers,2522,0,Organization BreadcrumbList Dataset
https://warminboxes.com/leads/arkansas-sales-contacts-clay-2026,lead list,Arkansas Sales Contacts - Clay 2026 | Free Lead List,"Free download: Arkansas Sales Contacts - Clay 2026. 1,498 leads, emails not included so you enrich them yourself. Who this is for: CRM and sales tooling, outb",Decision Makers,1498,0,Organization BreadcrumbList Dataset
https://warminboxes.com/leads/art-entertainment-all-storeleads-db-2026,lead list,Art & Entertainment All - Storeleads DB 2026 | Free Lead List,"Free download: Art & Entertainment All - Storeleads DB 2026. 107,300 leads with 55,200 verified emails. Who this is for: print and framing fulfilment, licensi",Ecommerce,107300,55200,Organization BreadcrumbList Dataset
https://warminboxes.com/leads/art-supply-shops-united-states,lead list,Art Supply Shops - United States | Free Lead List,"Free download: Art Supply Shops - United States. 73,100 leads, emails not included so you enrich them yourself. Who this is for: POS and inventory software, w",Retail,73100,0,Organization BreadcrumbList Dataset
https://warminboxes.com/leads/assisted-living-facility,lead list,Assisted Living Facility | Free Lead List,"Free download: Assisted Living Facility. 39,000 leads, emails not included so you enrich them yourself. Who this is for: care management and EHR software, sta",Healthcare,39000,0,Organization BreadcrumbList Dataset
https://warminboxes.com/leads/attic-ladder-installation-united-states,lead list,Attic Ladder Installation - United States | Free Lead List,"Free download: Attic Ladder Installation - United States. 32,500 leads, emails not included so you enrich them yourself. Who this is for: field-service softwa",Home Services,32500,0,Organization BreadcrumbList Dataset
https://warminboxes.com/leads/attorney,lead list,Attorney | Free Lead List,"Free download: Attorney. 5,100,000 leads, emails not included so you enrich them yourself. Who this is for: practice management and e-filing software, legal r",Legal Services,5100000,0,Organization BreadcrumbList Dataset
https://warminboxes.com/leads/attraction-all-storeleads-db-2026,lead list,Attraction All - Storeleads DB 2026 | Free Lead List,"Free download: Attraction All - Storeleads DB 2026. 1,500 leads with 1,400 verified emails. Who this is for: ticketing and booking platforms, POS and queue ma",Ecommerce,1500,1400,Organization BreadcrumbList Dataset
https://warminboxes.com/leads/auction-houses-estate-sales-united-states,lead list,Auction Houses & Estate Sales - United States | Free Lead List,"Free download: Auction Houses & Estate Sales - United States. 11,900 leads, emails not included so you enrich them yourself. Who this is for: auction and list",Retail & Auctions,11900,0,Organization BreadcrumbList Dataset
https://warminboxes.com/leads/australia-all-clay-2026,lead list,Australia - All Industries - Clay 2026 | Free Lead List,"Free download: Australia - All Industries - Clay 2026. 768,800 leads, emails not included so you enrich them yourself. Who this is for: anyone entering the Au",Geo Leads,768800,0,Organization BreadcrumbList Dataset
https://warminboxes.com/leads/austria-all-clay-2026,lead list,Austria - All Industries - Clay 2026 | Free Lead List,"Free download: Austria - All Industries - Clay 2026. 106,900 leads, emails not included so you enrich them yourself. Who this is for: anyone entering the Aust",Geo Leads,106900,0,Organization BreadcrumbList Dataset
https://warminboxes.com/leads/auto-body-shops-united-states,lead list,Auto Body Shops - United States | Free Lead List,"Free download: Auto Body Shops - United States. 85,400 leads, emails not included so you enrich them yourself. Who this is for: shop-management software, part",Automotives,85400,0,Organization BreadcrumbList Dataset
https://warminboxes.com/leads/auto-detailing-united-states,lead list,Auto Detailing (Mobile & Shop) - United States | Free Lead List,"Free download: Auto Detailing (Mobile & Shop) - United States. 37,000 leads, emails not included so you enrich them yourself. Who this is for: booking and fie",Automotives,37000,0,Organization BreadcrumbList Dataset
https://warminboxes.com/leads/auto-paint-shop,lead list,Auto Paint Shop | Free Lead List,"Free download: Auto Paint Shop. 1,029,600 leads, emails not included so you enrich them yourself. Who this is for: paint and coatings distributors, spray boot",Automotives,1029600,0,Organization BreadcrumbList Dataset
https://warminboxes.com/leads/auto-parts-stores-united-states,lead list,Auto Parts Stores - United States | Free Lead List,"Free download: Auto Parts Stores - United States. 67,900 leads, emails not included so you enrich them yourself. Who this is for: parts wholesalers and catalo",Automotives,67900,0,Organization BreadcrumbList Dataset
https://warminboxes.com/leads/auto-repair-shop,lead list,Auto Repair Shop | Free Lead List,"Free download: Auto Repair Shop. 407,100 leads, emails not included so you enrich them yourself. Who this is for: parts distributors, diagnostic equipment ven",Automotives,407100,0,Organization BreadcrumbList Dataset
https://warminboxes.com/leads/auto-vehicles-all-storeleads-db-2026,lead list,Auto & Vehicles All - Storeleads DB 2026 | Free Lead List,"Free download: Auto & Vehicles All - Storeleads DB 2026. 54,500 leads with 62,000 verified emails. Who this is for: parts catalogue and fitment data providers",Ecommerce,54500,62000,Organization BreadcrumbList Dataset
https://warminboxes.com/leads/automotives-canada-clay-2026,lead list,Automotives - Canada - Clay 2026 | Free Lead List,"Free download: Automotives - Canada - Clay 2026. 1,600 leads, emails not included so you enrich them yourself. Who this is for: automotive software, marketing",Automotives,1600,0,Organization BreadcrumbList Dataset
https://warminboxes.com/leads/automotives-united-kingdom-clay-2026,lead list,Automotives - United Kingdom - Clay 2026 | Free Lead List,"Free download: Automotives - United Kingdom - Clay 2026. 17,000 leads, emails not included so you enrich them yourself. Who this is for: automotive software,",Automotives,17000,0,Organization BreadcrumbList Dataset
https://warminboxes.com/leads/automotives-united-states-clay-2026,lead list,Automotives - United States - Clay 2026 | Free Lead List,"Free download: Automotives - United States - Clay 2026. 25,300 leads, emails not included so you enrich them yourself. Who this is for: automotive software an",Automotives,25300,0,Organization BreadcrumbList Dataset
https://warminboxes.com/leads/baby-maternity-boutiques-us,lead list,Baby & Maternity Boutiques - US | Free Lead List,"Free download: Baby & Maternity Boutiques - US. 29,900 leads, emails not included so you enrich them yourself. Who this is for: wholesale and private label su",Retail,29900,0,Organization BreadcrumbList Dataset
https://warminboxes.com/leads/babysitting-nanny-placement-agencies-united-states,lead list,Babysitting & Nanny Placement Agencies - United States | Free Lead List,"Free download: Babysitting & Nanny Placement Agencies - United States. 10,500 leads, emails not included so you enrich them yourself. Who this is for: backgro",Personal Services,10500,0,Organization BreadcrumbList Dataset
https://warminboxes.com/leads/bail-bond-services-united-states,lead list,Bail Bond Services - United States | Free Lead List,"Free download: Bail Bond Services - United States. 8,200 leads, emails not included so you enrich them yourself. Who this is for: CRM and payments software, c",Legal Services,8200,0,Organization BreadcrumbList Dataset
https://warminboxes.com/leads/bakeries-united-states,lead list,Bakeries - United States | Free Lead List,"Free download: Bakeries - United States. 111,500 leads, emails not included so you enrich them yourself. Who this is for: ingredient and packaging wholesalers",Food & Beverage,111500,0,Organization BreadcrumbList Dataset
https://warminboxes.com/leads/baking-supply-stores-united-states,lead list,Baking Supply Stores - United States | Free Lead List,"Free download: Baking Supply Stores - United States. 87,700 leads, emails not included so you enrich them yourself. Who this is for: POS and inventory softwar",Retail,87700,0,Organization BreadcrumbList Dataset
https://warminboxes.com/leads/bankruptcy-lawyer,lead list,Bankruptcy Lawyer | Free Lead List,"Free download: Bankruptcy Lawyer. 565,900 leads, emails not included so you enrich them yourself. Who this is for: case management and filing software, credit",Legal Services,565900,0,Organization BreadcrumbList Dataset
https://warminboxes.com/leads/barber-shops-us,lead list,Barber Shops - US | Free Lead List,"Free download: Barber Shops - US. 85,700 leads, emails not included so you enrich them yourself. Who this is for: booking and POS software, grooming product d",Beauty,85700,0,Organization BreadcrumbList Dataset
https://warminboxes.com/leads/barre-studios-us,lead list,Barre Studios - US | Free Lead List,"Free download: Barre Studios - US. 12,200 leads, emails not included so you enrich them yourself. Who this is for: studio management and booking software, equ",Health & Wellness,12200,0,Organization BreadcrumbList Dataset
https://warminboxes.com/leads/bathroom-remodeling-us,lead list,Bathroom Remodeling - US | Free Lead List,"Free download: Bathroom Remodeling - US. 74,600 leads, emails not included so you enrich them yourself. Who this is for: fixture and tile distributors, estima",Home Services,74600,0,Organization BreadcrumbList Dataset
https://warminboxes.com/leads/beauty-fitness-all-storeleads-db-2026,lead list,Beauty & Fitness All - Storeleads DB 2026 | Free Lead List,"Free download: Beauty & Fitness All - Storeleads DB 2026. 138,500 leads with 85,200 verified emails. Who this is for: contract manufacturers and white label s",Ecommerce,138500,85200,Organization BreadcrumbList Dataset
https://warminboxes.com/leads/beauty-supply-stores-united-states,lead list,Beauty Supply Stores - United States | Free Lead List,"Free download: Beauty Supply Stores - United States. 55,800 leads, emails not included so you enrich them yourself. Who this is for: POS and inventory softwar",Retail,55800,0,Organization BreadcrumbList Dataset
https://warminboxes.com/leads/beverage-companies-us-clay-2026,lead list,Beverage Companies - US - Clay 2026 | Free Lead List,"Free download: Beverage Companies - US - Clay 2026. 15,200 leads, emails not included so you enrich them yourself. Who this is for: ingredient and packaging s",Food & Beverage,15200,0,Organization BreadcrumbList Dataset
https://warminboxes.com/leads/bicycle-shops-united-states,lead list,Bicycle Shops - United States | Free Lead List,"Free download: Bicycle Shops - United States. 20,000 leads, emails not included so you enrich them yourself. Who this is for: POS and inventory software, whol",Retail,20000,0,Organization BreadcrumbList Dataset
https://warminboxes.com/leads/big-buildings-alabama-clay-2026,lead list,Big Buildings Alabama - Clay 2026 | Free Lead List,"Free download: Big Buildings Alabama - Clay 2026. 33,400 leads, emails not included so you enrich them yourself. Who this is for: commercial cleaning and faci",Local Business,33400,0,Organization BreadcrumbList Dataset
https://warminboxes.com/leads/big-buildings-alaska-clay-2026,lead list,Big Buildings Alaska - Clay 2026 | Free Lead List,"Free download: Big Buildings Alaska - Clay 2026. 11,300 leads, emails not included so you enrich them yourself. Who this is for: commercial cleaning and facil",Local Business,11300,0,Organization BreadcrumbList Dataset
https://warminboxes.com/leads/big-buildings-arizona-clay-2026,lead list,Big Buildings Arizona - Clay 2026 | Free Lead List,"Free download: Big Buildings Arizona - Clay 2026. 48,300 leads, emails not included so you enrich them yourself. Who this is for: commercial cleaning and faci",Local Business,48300,0,Organization BreadcrumbList Dataset
https://warminboxes.com/leads/big-buildings-arkansas-clay-2026,lead list,Big Buildings Arkansas - Clay 2026 | Free Lead List,"Free download: Big Buildings Arkansas - Clay 2026. 16,000 leads, emails not included so you enrich them yourself. Who this is for: commercial cleaning and fac",Local Business,16000,0,Organization BreadcrumbList Dataset
https://warminboxes.com/leads/big-buildings-california-clay-2026,lead list,Big Buildings California United States - Clay 2026 | Free Lead List,"Free download: Big Buildings California United States - Clay 2026. 445,000 leads, emails not included so you enrich them yourself. Who this is for: commercial",Local Business,445000,0,Organization BreadcrumbList Dataset
https://warminboxes.com/leads/big-buildings-colorado-clay-2026,lead list,Big Buildings Colorado - Clay 2026 | Free Lead List,"Free download: Big Buildings Colorado - Clay 2026. 2,000 leads, emails not included so you enrich them yourself. Who this is for: commercial cleaning and faci",Local Business,2000,0,Organization BreadcrumbList Dataset
https://warminboxes.com/leads/big-buildings-connecticut-clay-2026,lead list,Big Buildings Connecticut - Clay 2026 | Free Lead List,"Free download: Big Buildings Connecticut - Clay 2026. 28,600 leads, emails not included so you enrich them yourself. Who this is for: commercial cleaning and",Local Business,28600,0,Organization BreadcrumbList Dataset
https://warminboxes.com/leads/big-buildings-delaware-clay-2026,lead list,Big Buildings Delaware - Clay 2026 | Free Lead List,"Free download: Big Buildings Delaware - Clay 2026. 10,800 leads, emails not included so you enrich them yourself. Who this is for: commercial cleaning and fac",Local Business,10800,0,Organization BreadcrumbList Dataset
https://warminboxes.com/leads/big-buildings-district-of-columbia-clay-2026,lead list,Big Buildings District Of Columbia - Clay 2026 | Free Lead List,"Free download: Big Buildings District Of Columbia - Clay 2026. 2,400 leads, emails not included so you enrich them yourself. Who this is for: commercial clean",Local Business,2400,0,Organization BreadcrumbList Dataset
https://warminboxes.com/leads/big-buildings-europe-clay-2026,lead list,Big Buildings Europe - Clay 2026 | Free Lead List,"Free download: Big Buildings Europe - Clay 2026. 565,500 leads, emails not included so you enrich them yourself. Who this is for: facilities management and co",Local Business,565500,0,Organization BreadcrumbList Dataset
https://warminboxes.com/leads/big-buildings-florida-clay-2026,lead list,Big Buildings Florida United States - Clay 2026 | Free Lead List,"Free download: Big Buildings Florida United States - Clay 2026. 143,000 leads, emails not included so you enrich them yourself. Who this is for: commercial cl",Local Business,143000,0,Organization BreadcrumbList Dataset
https://warminboxes.com/leads/big-buildings-georgia-clay-2026,lead list,Big Buildings Georgia - Clay 2026 | Free Lead List,"Free download: Big Buildings Georgia - Clay 2026. 71,700 leads, emails not included so you enrich them yourself. Who this is for: commercial cleaning and faci",Local Business,71700,0,Organization BreadcrumbList Dataset
https://warminboxes.com/leads/big-buildings-hawaii-clay-2026,lead list,Big Buildings Hawaii - Clay 2026 | Free Lead List,"Free download: Big Buildings Hawaii - Clay 2026. 17,000 leads, emails not included so you enrich them yourself. Who this is for: commercial cleaning and facil",Local Business,17000,0,Organization BreadcrumbList Dataset
https://warminboxes.com/leads/big-buildings-idaho-clay-2026,lead list,Big Buildings Idaho - Clay 2026 | Free Lead List,"Free download: Big Buildings Idaho - Clay 2026. 16,300 leads, emails not included so you enrich them yourself. Who this is for: commercial cleaning and facili",Local Business,16300,0,Organization BreadcrumbList Dataset
https://warminboxes.com/leads/big-buildings-illinois-clay-2026,lead list,Big Buildings Illinois United States - Clay 2026 | Free Lead List,"Free download: Big Buildings Illinois United States - Clay 2026. 125,100 leads, emails not included so you enrich them yourself. Who this is for: commercial c",Local Business,125100,0,Organization BreadcrumbList Dataset
https://warminboxes.com/leads/big-buildings-indiana-clay-2026,lead list,Big Buildings Indiana - Clay 2026 | Free Lead List,"Free download: Big Buildings Indiana - Clay 2026. 48,500 leads, emails not included so you enrich them yourself. Who this is for: commercial cleaning and faci",Local Business,48500,0,Organization BreadcrumbList Dataset
https://warminboxes.com/leads/big-buildings-iowa-clay-2026,lead list,Big Buildings Iowa - Clay 2026 | Free Lead List,"Free download: Big Buildings Iowa - Clay 2026. 24,900 leads, emails not included so you enrich them yourself. Who this is for: commercial cleaning and facilit",Local Business,24900,0,Organization BreadcrumbList Dataset
https://warminboxes.com/leads/big-buildings-kansas-clay-2026,lead list,Big Buildings Kansas - Clay 2026 | Free Lead List,"Free download: Big Buildings Kansas - Clay 2026. 24,000 leads, emails not included so you enrich them yourself. Who this is for: commercial cleaning and facil",Local Business,24000,0,Organization BreadcrumbList Dataset
https://warminboxes.com/leads/big-buildings-kentucky-clay-2026,lead list,Big Buildings Kentucky - Clay 2026 | Free Lead List,"Free download: Big Buildings Kentucky - Clay 2026. 29,500 leads, emails not included so you enrich them yourself. Who this is for: commercial cleaning and fac",Local Business,29500,0,Organization BreadcrumbList Dataset
https://warminboxes.com/leads/big-buildings-louisiana-clay-2026,lead list,Big Buildings Louisiana - Clay 2026 | Free Lead List,"Free download: Big Buildings Louisiana - Clay 2026. 34,200 leads, emails not included so you enrich them yourself. Who this is for: commercial cleaning and fa",Local Business,34200,0,Organization BreadcrumbList Dataset
https://warminboxes.com/leads/big-buildings-maine-clay-2026,lead list,Big Buildings Maine - Clay 2026 | Free Lead List,"Free download: Big Buildings Maine - Clay 2026. 14,300 leads, emails not included so you enrich them yourself. Who this is for: commercial cleaning and facili",Local Business,14300,0,Organization BreadcrumbList Dataset
https://warminboxes.com/leads/big-buildings-maryland-clay-2026,lead list,Big Buildings Maryland - Clay 2026 | Free Lead List,"Free download: Big Buildings Maryland - Clay 2026. 56,500 leads, emails not included so you enrich them yourself. Who this is for: commercial cleaning and fac",Local Business,56500,0,Organization BreadcrumbList Dataset
https://warminboxes.com/leads/big-buildings-massachusetts-clay-2026,lead list,Big Buildings Massachusetts - Clay 2026 | Free Lead List,"Free download: Big Buildings Massachusetts - Clay 2026. 79,000 leads, emails not included so you enrich them yourself. Who this is for: commercial cleaning an",Local Business,79000,0,Organization BreadcrumbList Dataset
https://warminboxes.com/leads/big-buildings-michigan-clay-2026,lead list,Big Buildings Michigan - Clay 2026 | Free Lead List,"Free download: Big Buildings Michigan - Clay 2026. 78,300 leads, emails not included so you enrich them yourself. Who this is for: commercial cleaning and fac",Local Business,78300,0,Organization BreadcrumbList Dataset
https://warminboxes.com/leads/big-buildings-minnesota-clay-2026,lead list,Big Buildings Minnesota - Clay 2026 | Free Lead List,"Free download: Big Buildings Minnesota - Clay 2026. 49,500 leads, emails not included so you enrich them yourself. Who this is for: commercial cleaning and fa",Local Business,49500,0,Organization BreadcrumbList Dataset
https://warminboxes.com/leads/big-buildings-mississippi-clay-2026,lead list,Big Buildings Mississippi - Clay 2026 | Free Lead List,"Free download: Big Buildings Mississippi - Clay 2026. 17,300 leads, emails not included so you enrich them yourself. Who this is for: commercial cleaning and",Local Business,17300,0,Organization BreadcrumbList Dataset
https://warminboxes.com/leads/big-buildings-missouri-clay-2026,lead list,Big Buildings Missouri - Clay 2026 | Free Lead List,"Free download: Big Buildings Missouri - Clay 2026. 44,600 leads, emails not included so you enrich them yourself. Who this is for: commercial cleaning and fac",Local Business,44600,0,Organization BreadcrumbList Dataset
https://warminboxes.com/leads/big-buildings-montana-clay-2026,lead list,Big Buildings Montana - Clay 2026 | Free Lead List,"Free download: Big Buildings Montana - Clay 2026. 11,700 leads, emails not included so you enrich them yourself. Who this is for: commercial cleaning and faci",Local Business,11700,0,Organization BreadcrumbList Dataset
https://warminboxes.com/leads/big-buildings-nebraska-clay-2026,lead list,Big Buildings Nebraska - Clay 2026 | Free Lead List,"Free download: Big Buildings Nebraska - Clay 2026. 16,600 leads, emails not included so you enrich them yourself. Who this is for: commercial cleaning and fac",Local Business,16600,0,Organization BreadcrumbList Dataset
https://warminboxes.com/leads/big-buildings-nevada-clay-2026,lead list,Big Buildings Nevada - Clay 2026 | Free Lead List,"Free download: Big Buildings Nevada - Clay 2026. 33,000 leads, emails not included so you enrich them yourself. Who this is for: commercial cleaning and facil",Local Business,33000,0,Organization BreadcrumbList Dataset
https://warminboxes.com/leads/big-buildings-new-hampshire-clay-2026,lead list,Big Buildings New Hampshire - Clay 2026 | Free Lead List,"Free download: Big Buildings New Hampshire - Clay 2026. 15,900 leads, emails not included so you enrich them yourself. Who this is for: commercial cleaning an",Local Business,15900,0,Organization BreadcrumbList Dataset
https://warminboxes.com/leads/big-buildings-new-jersey-clay-2026,lead list,Big Buildings New Jersey - Clay 2026 | Free Lead List,"Free download: Big Buildings New Jersey - Clay 2026. 81,800 leads, emails not included so you enrich them yourself. Who this is for: commercial cleaning and f",Local Business,81800,0,Organization BreadcrumbList Dataset
https://warminboxes.com/leads/big-buildings-new-mexico-clay-2026,lead list,Big Buildings New Mexico - Clay 2026 | Free Lead List,"Free download: Big Buildings New Mexico - Clay 2026. 17,600 leads, emails not included so you enrich them yourself. Who this is for: commercial cleaning and f",Local Business,17600,0,Organization BreadcrumbList Dataset
https://warminboxes.com/leads/big-buildings-new-york-clay-2026,lead list,Big Buildings New York United States - Clay 2026 | Free Lead List,"Free download: Big Buildings New York United States - Clay 2026. 117,100 leads, emails not included so you enrich them yourself. Who this is for: commercial c",Local Business,117100,0,Organization BreadcrumbList Dataset
https://warminboxes.com/leads/big-buildings-north-carolina-clay-2026,lead list,Big Buildings North Carolina United States - Clay 2026 | Free Lead List,"Free download: Big Buildings North Carolina United States - Clay 2026. 93,400 leads, emails not included so you enrich them yourself. Who this is for: commerc",Local Business,93400,0,Organization BreadcrumbList Dataset
https://warminboxes.com/leads/big-buildings-north-dakota-clay-2026,lead list,Big Buildings North Dakota - Clay 2026 | Free Lead List,"Free download: Big Buildings North Dakota - Clay 2026. 5,400 leads, emails not included so you enrich them yourself. Who this is for: commercial cleaning and",Local Business,5400,0,Organization BreadcrumbList Dataset
https://warminboxes.com/leads/big-buildings-ohio-clay-2026,lead list,Big Buildings Ohio - Clay 2026 | Free Lead List,"Free download: Big Buildings Ohio - Clay 2026. 91,700 leads, emails not included so you enrich them yourself. Who this is for: commercial cleaning and facilit",Local Business,91700,0,Organization BreadcrumbList Dataset
https://warminboxes.com/leads/big-buildings-oklahoma-clay-2026,lead list,Big Buildings Oklahoma - Clay 2026 | Free Lead List,"Free download: Big Buildings Oklahoma - Clay 2026. 26,800 leads, emails not included so you enrich them yourself. Who this is for: commercial cleaning and fac",Local Business,26800,0,Organization BreadcrumbList Dataset
https://warminboxes.com/leads/big-buildings-oregon-clay-2026,lead list,Big Buildings Oregon - Clay 2026 | Free Lead List,"Free download: Big Buildings Oregon - Clay 2026. 53,000 leads, emails not included so you enrich them yourself. Who this is for: commercial cleaning and facil",Local Business,53000,0,Organization BreadcrumbList Dataset
https://warminboxes.com/leads/big-buildings-pennsylvania-clay-2026,lead list,Big Buildings Pennsylvania United States - Clay 2026 | Free Lead List,"Free download: Big Buildings Pennsylvania United States - Clay 2026. 133,500 leads, emails not included so you enrich them yourself. Who this is for: commerci",Local Business,133500,0,Organization BreadcrumbList Dataset
https://warminboxes.com/leads/big-buildings-rhode-island-clay-2026,lead list,Big Buildings Rhode Island - Clay 2026 | Free Lead List,"Free download: Big Buildings Rhode Island - Clay 2026. 12,000 leads, emails not included so you enrich them yourself. Who this is for: commercial cleaning and",Local Business,12000,0,Organization BreadcrumbList Dataset
https://warminboxes.com/leads/big-buildings-south-carolina-clay-2026,lead list,Big Buildings South Carolina - Clay 2026 | Free Lead List,"Free download: Big Buildings South Carolina - Clay 2026. 46,600 leads, emails not included so you enrich them yourself. Who this is for: commercial cleaning a",Local Business,46600,0,Organization BreadcrumbList Dataset
https://warminboxes.com/leads/big-buildings-south-dakota-clay-2026,lead list,Big Buildings South Dakota - Clay 2026 | Free Lead List,"Free download: Big Buildings South Dakota - Clay 2026. 9,100 leads, emails not included so you enrich them yourself. Who this is for: commercial cleaning and",Local Business,9100,0,Organization BreadcrumbList Dataset
https://warminboxes.com/leads/big-buildings-tennessee-clay-2026,lead list,Big Buildings Tennessee - Clay 2026 | Free Lead List,"Free download: Big Buildings Tennessee - Clay 2026. 67,600 leads, emails not included so you enrich them yourself. Who this is for: commercial cleaning and fa",Local Business,67600,0,Organization BreadcrumbList Dataset
https://warminboxes.com/leads/big-buildings-texas-clay-2026,lead list,Big Buildings Texas United States - Clay 2026 | Free Lead List,"Free download: Big Buildings Texas United States - Clay 2026. 342,600 leads, emails not included so you enrich them yourself. Who this is for: commercial clea",Local Business,342600,0,Organization BreadcrumbList Dataset
https://warminboxes.com/leads/big-buildings-united-kingdom-clay-2026,lead list,Big Buildings United Kingdom - Clay 2026 | Free Lead List,"Free download: Big Buildings United Kingdom - Clay 2026. 509,500 leads, emails not included so you enrich them yourself. Who this is for: facilities managemen",Local Business,509500,0,Organization BreadcrumbList Dataset
https://warminboxes.com/leads/big-buildings-united-states-rest-clay-2026,lead list,Big Buildings United States Rest All - Clay 2026 | Free Lead List,"Free download: Big Buildings United States Rest All - Clay 2026. 57,100 leads, emails not included so you enrich them yourself. Who this is for: national faci",Local Business,57100,0,Organization BreadcrumbList Dataset
https://warminboxes.com/leads/big-buildings-utah-clay-2026,lead list,Big Buildings Utah - Clay 2026 | Free Lead List,"Free download: Big Buildings Utah - Clay 2026. 30,200 leads, emails not included so you enrich them yourself. Who this is for: commercial cleaning and facilit",Local Business,30200,0,Organization BreadcrumbList Dataset
https://warminboxes.com/leads/big-buildings-vermont-clay-2026,lead list,Big Buildings Vermont - Clay 2026 | Free Lead List,"Free download: Big Buildings Vermont - Clay 2026. 9,000 leads, emails not included so you enrich them yourself. Who this is for: commercial cleaning and facil",Local Business,9000,0,Organization BreadcrumbList Dataset
https://warminboxes.com/leads/big-buildings-virginia-clay-2026,lead list,Big Buildings Virginia - Clay 2026 | Free Lead List,"Free download: Big Buildings Virginia - Clay 2026. 79,400 leads, emails not included so you enrich them yourself. Who this is for: commercial cleaning and fac",Local Business,79400,0,Organization BreadcrumbList Dataset
https://warminboxes.com/leads/big-buildings-washington-clay-2026,lead list,Big Buildings Washington United States - Clay 2026 | Free Lead List,"Free download: Big Buildings Washington United States - Clay 2026. 87,000 leads, emails not included so you enrich them yourself. Who this is for: commercial",Local Business,87000,0,Organization BreadcrumbList Dataset
https://warminboxes.com/leads/big-buildings-west-virginia-clay-2026,lead list,Big Buildings West Virginia - Clay 2026 | Free Lead List,"Free download: Big Buildings West Virginia - Clay 2026. 11,000 leads, emails not included so you enrich them yourself. Who this is for: commercial cleaning an",Local Business,11000,0,Organization BreadcrumbList Dataset
https://warminboxes.com/leads/big-buildings-wisconsin-clay-2026,lead list,Big Buildings Wisconsin - Clay 2026 | Free Lead List,"Free download: Big Buildings Wisconsin - Clay 2026. 50,900 leads, emails not included so you enrich them yourself. Who this is for: commercial cleaning and fa",Local Business,50900,0,Organization BreadcrumbList Dataset
https://warminboxes.com/leads/big-buildings-wyoming-clay-2026,lead list,Big Buildings Wyoming - Clay 2026 | Free Lead List,"Free download: Big Buildings Wyoming - Clay 2026. 7,700 leads, emails not included so you enrich them yourself. Who this is for: commercial cleaning and facil",Local Business,7700,0,Organization BreadcrumbList Dataset
https://warminboxes.com/leads/blockchain-services-clay-2026,lead list,Blockchain Services - Clay 2026 | Free Lead List,"Free download: Blockchain Services - Clay 2026. 9,700 leads, emails not included so you enrich them yourself. Who this is for: infrastructure and security pro",Web3,9700,0,Organization BreadcrumbList Dataset
https://warminboxes.com/leads/books-literature-all-storeleads-db-2026,lead list,Books & Literature All - Storeleads DB 2026 | Free Lead List,"Free download: Books & Literature All - Storeleads DB 2026. 60,000 leads with 28,300 verified emails. Who this is for: print on demand and distribution partne",Ecommerce,60000,28300,Organization BreadcrumbList Dataset
https://warminboxes.com/leads/boutique-design-hotels-united-states,lead list,Boutique & Design Hotels - United States | Free Lead List,"Free download: Boutique & Design Hotels - United States. 22,500 leads, emails not included so you enrich them yourself. Who this is for: hospitality software,",Hospitality,22500,0,Organization BreadcrumbList Dataset
https://warminboxes.com/leads/boxing-mma-gyms-united-states,lead list,Boxing & MMA Gyms - United States | Free Lead List,"Free download: Boxing & MMA Gyms - United States. 25,400 leads, emails not included so you enrich them yourself. Who this is for: membership and booking softw",Sports & Recreation,25400,0,Organization BreadcrumbList Dataset
https://warminboxes.com/leads/breathwork-meditation-studios-united-states,lead list,Breathwork & Meditation Studios - United States | Free Lead List,"Free download: Breathwork & Meditation Studios - United States. 21,000 leads, emails not included so you enrich them yourself. Who this is for: booking and me",Health & Wellness,21000,0,Organization BreadcrumbList Dataset
https://warminboxes.com/leads/breweries-united-kingdom-canada-clay-2026,lead list,Breweries - United Kingdom & Canada - Clay 2026 | Free Lead List,"Free download: Breweries - United Kingdom & Canada - Clay 2026. 211 leads, emails not included so you enrich them yourself. Who this is for: beverage supplier",Local Business,211,0,Organization BreadcrumbList Dataset
https://warminboxes.com/leads/breweries-united-states-clay-2026,lead list,Breweries - United States - Clay 2026 | Free Lead List,"Free download: Breweries - United States - Clay 2026. 413 leads, emails not included so you enrich them yourself. Who this is for: hospitality and beverage su",Local Business,413,0,Organization BreadcrumbList Dataset
https://warminboxes.com/leads/bulk-food-suppliers-united-states,lead list,Bulk Food Suppliers - United States | Free Lead List,"Free download: Bulk Food Suppliers - United States. 93,500 leads, emails not included so you enrich them yourself. Who this is for: ingredient producers and i",Food & Beverage,93500,0,Organization BreadcrumbList Dataset
https://warminboxes.com/leads/business-consulting-professional-services,lead list,Business Consulting & Professional Services | Free Lead List,"Free download: Business Consulting & Professional Services. 135,400 leads with 135,400 verified emails. Who this is for: SaaS and productivity tools, lead-gen",Consulting,135400,135400,Organization BreadcrumbList Dataset
https://warminboxes.com/leads/business-incubators-accelerators-united-states,lead list,Business Incubators & Accelerators - United States | Free Lead List,"Free download: Business Incubators & Accelerators - United States. 21,500 leads, emails not included so you enrich them yourself. Who this is for: SaaS with a",Business Services,21500,0,Organization BreadcrumbList Dataset
https://warminboxes.com/leads/business-industrial-all-storeleads-db-2026,lead list,Business & Industrial All - Storeleads DB 2026 | Free Lead List,"Free download: Business & Industrial All - Storeleads DB 2026. 148,400 leads with 112,400 verified emails. Who this is for: MRO and wholesale distributors, qu",Ecommerce,148400,112400,Organization BreadcrumbList Dataset
https://warminboxes.com/leads/business-law-attorney,lead list,Business Law Attorney | Free Lead List,"Free download: Business Law Attorney. 356,000 leads, emails not included so you enrich them yourself. Who this is for: practice management and contract softwa",Legal Services,356000,0,Organization BreadcrumbList Dataset
https://warminboxes.com/leads/business-process-optimization-consultants-united-states,lead list,Business Process Optimization Consultants - United States | Free Lead List,"Free download: Business Process Optimization Consultants - United States. 67,400 leads, emails not included so you enrich them yourself. Who this is for: SaaS",Consulting,67400,0,Organization BreadcrumbList Dataset
https://warminboxes.com/leads/business-professional-services-canada,lead list,Business and Professional Services - Canada | Free Lead List,"Free download: Business and Professional Services - Canada. 28,500 leads, emails not included so you enrich them yourself. Who this is for: vendors and agenci",Business Services,28500,0,Organization BreadcrumbList Dataset
https://warminboxes.com/leads/business-professional-services-united-kingdom,lead list,Business and Professional Services - United Kingdom | Free Lead List,"Free download: Business and Professional Services - United Kingdom. 78,100 leads, emails not included so you enrich them yourself. Who this is for: software v",Business Services,78100,0,Organization BreadcrumbList Dataset
https://warminboxes.com/leads/business-professional-services-united-states,lead list,Business and Professional Services - United States | Free Lead List,"Free download: Business and Professional Services - United States. 226,500 leads, emails not included so you enrich them yourself. Who this is for: SaaS vendo",Business Services,226500,0,Organization BreadcrumbList Dataset
https://warminboxes.com/leads/business-valuation-specialists-united-states,lead list,Business Valuation Specialists - United States | Free Lead List,"Free download: Business Valuation Specialists - United States. 50,000 leads, emails not included so you enrich them yourself. Who this is for: financial data",Financial Services,50000,0,Organization BreadcrumbList Dataset
https://warminboxes.com/leads/cafes-united-kingdom,lead list,Cafes - United Kingdom | Free Lead List,"Free download: Cafes - United Kingdom. 33,800 leads, emails not included so you enrich them yourself. Who this is for: POS and payments, food suppliers and ro",Food & Beverage,33800,0,Organization BreadcrumbList Dataset
https://warminboxes.com/leads/california-business-development-contacts-clay-2026,lead list,California Business Development Contacts - Clay 2026 | Free Lead List,"Free download: California Business Development Contacts - Clay 2026. 25,400 leads, emails not included so you enrich them yourself. Who this is for: partnersh",Decision Makers,25400,0,Organization BreadcrumbList Dataset
https://warminboxes.com/leads/california-facility-management-contacts-clay-2026,lead list,California Facility Management Contacts - Clay 2026 | Free Lead List,"Free download: California Facility Management Contacts - Clay 2026. 31,100 leads, emails not included so you enrich them yourself. Who this is for: commercial",Decision Makers,31100,0,Organization BreadcrumbList Dataset
https://warminboxes.com/leads/california-non-big-buildings-clay-2026,lead list,California Businesses (Non Big Buildings) - Clay 2026 | Free Lead List,"Free download: California Businesses (Non Big Buildings) - Clay 2026. 811,600 leads, emails not included so you enrich them yourself. Who this is for: anyone",Geo Leads,811600,0,Organization BreadcrumbList Dataset
https://warminboxes.com/leads/california-owners-clay-2026,lead list,California Owners - Clay 2026 | Free Lead List,"Free download: California Owners - Clay 2026. 53,000 leads, emails not included so you enrich them yourself. Who this is for: business loans and financing, in",Decision Makers,53000,0,Organization BreadcrumbList Dataset
https://warminboxes.com/leads/california-sales-contacts-clay-2026,lead list,California Sales Contacts - Clay 2026 | Free Lead List,"Free download: California Sales Contacts - Clay 2026. 25,100 leads, emails not included so you enrich them yourself. Who this is for: CRM and sales tooling, o",Decision Makers,25100,0,Organization BreadcrumbList Dataset
https://warminboxes.com/leads/canada-business-development-contacts-clay-2026,lead list,Canada Business Development Contacts - Clay 2026 | Free Lead List,"Free download: Canada Business Development Contacts - Clay 2026. 22,000 leads, emails not included so you enrich them yourself. Who this is for: partnership a",Decision Makers,22000,0,Organization BreadcrumbList Dataset
https://warminboxes.com/leads/canada-facility-management-contacts-clay-2026,lead list,Canada Facility Management Contacts - Clay 2026 | Free Lead List,"Free download: Canada Facility Management Contacts - Clay 2026. 24,800 leads, emails not included so you enrich them yourself. Who this is for: commercial cle",Decision Makers,24800,0,Organization BreadcrumbList Dataset
https://warminboxes.com/leads/canada-non-big-buildings-clay-2026,lead list,Canada Businesses (Non Big Buildings) - Clay 2026 | Free Lead List,"Free download: Canada Businesses (Non Big Buildings) - Clay 2026. 300,000 leads, emails not included so you enrich them yourself. Who this is for: anyone sell",Geo Leads,300000,0,Organization BreadcrumbList Dataset
https://warminboxes.com/leads/canada-owners-clay-2026,lead list,Canada Owners - Clay 2026 | Free Lead List,"Free download: Canada Owners - Clay 2026. 22,700 leads, emails not included so you enrich them yourself. Who this is for: business loans and financing, insura",Decision Makers,22700,0,Organization BreadcrumbList Dataset
https://warminboxes.com/leads/canada-sales-contacts-clay-2026,lead list,Canada Sales Contacts - Clay 2026 | Free Lead List,"Free download: Canada Sales Contacts - Clay 2026. 20,200 leads, emails not included so you enrich them yourself. Who this is for: CRM and sales tooling, outbo",Decision Makers,20200,0,Organization BreadcrumbList Dataset
https://warminboxes.com/leads/capital-management-cio-apollo-export,lead list,Capital Management Companies - CIO - Apollo Export | Free Lead List,"Free download: Capital Management Companies - CIO - Apollo Export. 2,600 leads with 2,500 verified emails. Who this is for: fintech vendors, alternative data",Investors,2600,2500,Organization BreadcrumbList Dataset
https://warminboxes.com/leads/capital-markets-companies-clay-2026,lead list,Capital Markets Companies - Clay 2026 | Free Lead List,"Free download: Capital Markets Companies - Clay 2026. 32,300 leads, emails not included so you enrich them yourself. Who this is for: trading and market-data",Financial Services,32300,0,Organization BreadcrumbList Dataset
https://warminboxes.com/leads/car-auction-companies-us,lead list,Car Auction Companies - US | Free Lead List,"Free download: Car Auction Companies - US. 13,900 leads, emails not included so you enrich them yourself. Who this is for: auction and bidding platforms, vehi",Automotives,13900,0,Organization BreadcrumbList Dataset
https://warminboxes.com/leads/car-audio-alarm-installers-united-states,lead list,Car Audio & Alarm Installers - United States | Free Lead List,"Free download: Car Audio & Alarm Installers - United States. 30,400 leads, emails not included so you enrich them yourself. Who this is for: audio and securit",Automotives,30400,0,Organization BreadcrumbList Dataset
https://warminboxes.com/leads/car-financing-brokers-united-states,lead list,Car Financing Brokers - United States | Free Lead List,"Free download: Car Financing Brokers - United States. 87,400 leads, emails not included so you enrich them yourself. Who this is for: lending software, lead p",Financial Services,87400,0,Organization BreadcrumbList Dataset
https://warminboxes.com/leads/car-insurance-brokers-united-states,lead list,Car Insurance Brokers - United States | Free Lead List,"Free download: Car Insurance Brokers - United States. 94,200 leads, emails not included so you enrich them yourself. Who this is for: insurtech and agency-man",Insurance,94200,0,Organization BreadcrumbList Dataset
https://warminboxes.com/leads/car-loan-providers-united-states,lead list,Car Loan Providers - United States | Free Lead List,"Free download: Car Loan Providers - United States. 67,800 leads, emails not included so you enrich them yourself. Who this is for: fintech and lending softwar",Financial Services,67800,0,Organization BreadcrumbList Dataset
https://warminboxes.com/leads/car-sharing-micro-mobility-services-united-states,lead list,Car-Sharing & Micro-Mobility Services - United States | Free Lead List,"Free download: Car-Sharing & Micro-Mobility Services - United States. 19,300 leads, emails not included so you enrich them yourself. Who this is for: fleet te",Automotives,19300,0,Organization BreadcrumbList Dataset
https://warminboxes.com/leads/car-shipping-transport-services-united-states,lead list,Car Shipping & Transport Services - UNITED STATES | Free Lead List,"Free download: Car Shipping & Transport Services - UNITED STATES. 57,100 leads, emails not included so you enrich them yourself. Who this is for: load board a",Automotives,57100,0,Organization BreadcrumbList Dataset
https://warminboxes.com/leads/car-subscription-services-us,lead list,Car Subscription Services - US | Free Lead List,"Free download: Car Subscription Services - US. 149,600 leads, emails not included so you enrich them yourself. Who this is for: fleet and remarketing platform",Automotives,149600,0,Organization BreadcrumbList Dataset
https://warminboxes.com/leads/car-wash-united-states,lead list,Car Wash - United States | Free Lead List,"Free download: Car Wash - United States. 59,700 leads, emails not included so you enrich them yourself. Who this is for: POS and membership software, equipmen",Automotives,59700,0,Organization BreadcrumbList Dataset
https://warminboxes.com/leads/cardiology-clinics-united-states,lead list,Cardiology Clinics - UNITED STATES | Free Lead List,"Free download: Cardiology Clinics - UNITED STATES. 68,300 leads, emails not included so you enrich them yourself. Who this is for: EHR and imaging platforms,",Healthcare,68300,0,Organization BreadcrumbList Dataset
https://warminboxes.com/leads/casinos-us,lead list,Casinos - US | Free Lead List,"Free download: Casinos - US. 2,000 leads with 2,000 verified emails. Who this is for: vendors selling into hospitality and gaming, including payments, securit",Local Business,2000,2000,Organization BreadcrumbList Dataset
https://warminboxes.com/leads/catering-services-united-states,lead list,Catering Services - United States | Free Lead List,"Free download: Catering Services - United States. 79,800 leads, emails not included so you enrich them yourself. Who this is for: ingredient and equipment who",Food & Beverage,79800,0,Organization BreadcrumbList Dataset
https://warminboxes.com/leads/cctv-and-security-system-installers,lead list,CCTV & Security System Installers | Free Lead List,"Free download: CCTV & Security System Installers. 10,798 leads, emails not included so you enrich them yourself. Who this is for: camera, NVR and access-contr",Security,10798,0,Organization BreadcrumbList Dataset
https://warminboxes.com/leads/charities-community-organisations-canada-clay-2026,lead list,"Charities, Community & Organisations - Canada - Clay 2026 | Free Lead List","Free download: Charities, Community & Organisations - Canada - Clay 2026. 51,700 leads, emails not included so you enrich them yourself. Who this is for: dona",Nonprofit & Community,51700,0,Organization BreadcrumbList Dataset
https://warminboxes.com/leads/charities-community-organisations-uk-clay-2026,lead list,"Charities, Community & Organisations - UK - Clay 2026 | Free Lead List","Free download: Charities, Community & Organisations - UK - Clay 2026. 76,800 leads, emails not included so you enrich them yourself. Who this is for: donation",Nonprofit & Community,76800,0,Organization BreadcrumbList Dataset
https://warminboxes.com/leads/charities-community-organisations-usa-clay-2026,lead list,"Charities, Community & Organisations - USA - Clay 2026 | Free Lead List","Free download: Charities, Community & Organisations - USA - Clay 2026. 534,600 leads, emails not included so you enrich them yourself. Who this is for: donati",Nonprofit & Community,534600,0,Organization BreadcrumbList Dataset
https://warminboxes.com/leads/china-all-clay-2026,lead list,China - All Industries - Clay 2026 | Free Lead List,"Free download: China - All Industries - Clay 2026. 3,040,000 leads, emails not included so you enrich them yourself. Who this is for: anyone sourcing manufact",Geo Leads,3040000,0,Organization BreadcrumbList Dataset
https://warminboxes.com/leads/chiropractors-global-clay-2026,lead list,Chiropractors - Global - Clay 2026 | Free Lead List,"Free download: Chiropractors - Global - Clay 2026. 1,700 leads, emails not included so you enrich them yourself. Who this is for: practice-management and book",Local Business,1700,0,Organization BreadcrumbList Dataset
https://warminboxes.com/leads/chiropractors-united-states,lead list,Chiropractors - United States | Free Lead List,"Free download: Chiropractors - United States. 68,500 leads, emails not included so you enrich them yourself. Who this is for: practice-management and booking",Healthcare,68500,0,Organization BreadcrumbList Dataset
https://warminboxes.com/leads/chocolate-retailers-united-states,lead list,Chocolate Retailers - United States | Free Lead List,"Free download: Chocolate Retailers - United States. 78,300 leads, emails not included so you enrich them yourself. Who this is for: cocoa and ingredient whole",Food & Beverage,78300,0,Organization BreadcrumbList Dataset
https://warminboxes.com/leads/cider-shops-united-states,lead list,Cider Shops - United States | Free Lead List,"Free download: Cider Shops - United States. 50,200 leads, emails not included so you enrich them yourself. Who this is for: POS and payments, beverage distrib",Retail,50200,0,Organization BreadcrumbList Dataset
https://warminboxes.com/leads/civil-structural-engineering-united-states,lead list,Civil & Structural Engineering Firms - United States | Free Lead List,"Free download: Civil & Structural Engineering Firms - United States. 28,700 leads, emails not included so you enrich them yourself. Who this is for: engineeri",Engineering,28700,0,Organization BreadcrumbList Dataset
https://warminboxes.com/leads/classic-car-restoration-united-states,lead list,Classic Car Restoration - United States | Free Lead List,"Free download: Classic Car Restoration - United States. 32,000 leads, emails not included so you enrich them yourself. Who this is for: parts and paint suppli",Automotives,32000,0,Organization BreadcrumbList Dataset
https://warminboxes.com/leads/closet-organization-decluttering-united-states,lead list,Closet Organization & Decluttering - UNITED STATES | Free Lead List,"Free download: Closet Organization & Decluttering - UNITED STATES. 21,300 leads, emails not included so you enrich them yourself. Who this is for: storage and",Home Services,21300,0,Organization BreadcrumbList Dataset
https://warminboxes.com/leads/closet-storage-system-builders-united-states,lead list,Closet & Storage System Builders - United States | Free Lead List,"Free download: Closet & Storage System Builders - United States. 24,400 leads, emails not included so you enrich them yourself. Who this is for: design and qu",Construction,24400,0,Organization BreadcrumbList Dataset
https://warminboxes.com/leads/coding-bootcamps-stem-labs-united-states,lead list,Coding Bootcamps & STEM Labs - United States | Free Lead List,"Free download: Coding Bootcamps & STEM Labs - United States. 8,300 leads, emails not included so you enrich them yourself. Who this is for: edtech and LMS ven",Education,8300,0,Organization BreadcrumbList Dataset
https://warminboxes.com/leads/coding-bootcamps-stem-labs-us,lead list,Coding Bootcamps & STEM Labs - US | Free Lead List,"Free download: Coding Bootcamps & STEM Labs - US. 8,300 leads, emails not included so you enrich them yourself. Who this is for: LMS and curriculum providers,",Education,8300,0,Organization BreadcrumbList Dataset
https://warminboxes.com/leads/college-admissions-counseling-united-states,lead list,College Admissions Counseling - United States | Free Lead List,"Free download: College Admissions Counseling - United States. 18,300 leads, emails not included so you enrich them yourself. Who this is for: edtech and CRM s",Education,18300,0,Organization BreadcrumbList Dataset
https://warminboxes.com/leads/colorado-business-development-contacts-clay-2026,lead list,Colorado Business Development Contacts - Clay 2026 | Free Lead List,"Free download: Colorado Business Development Contacts - Clay 2026. 1,318 leads, emails not included so you enrich them yourself. Who this is for: partnership",Decision Makers,1318,0,Organization BreadcrumbList Dataset
https://warminboxes.com/leads/colorado-facility-management-contacts-clay-2026,lead list,Colorado Facility Management Contacts - Clay 2026 | Free Lead List,"Free download: Colorado Facility Management Contacts - Clay 2026. 5,000 leads, emails not included so you enrich them yourself. Who this is for: commercial cl",Decision Makers,5000,0,Organization BreadcrumbList Dataset
https://warminboxes.com/leads/colorado-owners-clay-2026,lead list,Colorado Owners - Clay 2026 | Free Lead List,"Free download: Colorado Owners - Clay 2026. 1,201 leads, emails not included so you enrich them yourself. Who this is for: business loans and financing, insur",Decision Makers,1201,0,Organization BreadcrumbList Dataset
https://warminboxes.com/leads/colorado-sales-contacts-clay-2026,lead list,Colorado Sales Contacts - Clay 2026 | Free Lead List,"Free download: Colorado Sales Contacts - Clay 2026. 2,481 leads, emails not included so you enrich them yourself. Who this is for: CRM and sales tooling, outb",Decision Makers,2481,0,Organization BreadcrumbList Dataset
https://warminboxes.com/leads/comic-book-collectibles-stores-united-states,lead list,Comic-Book & Collectibles Stores - United States | Free Lead List,"Free download: Comic-Book & Collectibles Stores - United States. 11,600 leads, emails not included so you enrich them yourself. Who this is for: distributors",Retail,11600,0,Organization BreadcrumbList Dataset
https://warminboxes.com/leads/commercial-laundry-services,lead list,Commercial Laundry Services | Free Lead List,"Free download: Commercial Laundry Services. 1,795 leads, emails not included so you enrich them yourself. Who this is for: industrial laundry equipment and ch",Personal Services,1795,0,Organization BreadcrumbList Dataset
https://warminboxes.com/leads/commercial-tenant-improvement-united-states,lead list,Commercial Tenant Improvement Specialists - United States | Free Lead List,"Free download: Commercial Tenant Improvement Specialists - United States. 43,500 leads, emails not included so you enrich them yourself. Who this is for: cons",Construction,43500,0,Organization BreadcrumbList Dataset
https://warminboxes.com/leads/commercial-vehicle-leasing-agencies-united-states,lead list,Commercial Vehicle Leasing Agencies - United States | Free Lead List,"Free download: Commercial Vehicle Leasing Agencies - United States. 119,300 leads, emails not included so you enrich them yourself. Who this is for: fleet man",Automotives,119300,0,Organization BreadcrumbList Dataset
https://warminboxes.com/leads/community-relations-consultants-united-states,lead list,Community Relations Consultants - United States | Free Lead List,"Free download: Community Relations Consultants - United States. 63,400 leads, emails not included so you enrich them yourself. Who this is for: PR and stakeho",Consulting,63400,0,Organization BreadcrumbList Dataset
https://warminboxes.com/leads/computer-and-network-security-clay-2026,lead list,Computer and Network Security - Clay 2026 | Free Lead List,"Free download: Computer and Network Security - Clay 2026. 50,000 leads, emails not included so you enrich them yourself. Who this is for: security tooling, th",IT Services,50000,0,Organization BreadcrumbList Dataset
https://warminboxes.com/leads/computer-games-companies-clay-2026,lead list,Computer Games Companies - Clay 2026 | Free Lead List,"Free download: Computer Games Companies - Clay 2026. 43,700 leads, emails not included so you enrich them yourself. Who this is for: game engines and tooling,",Software & Technology,43700,0,Organization BreadcrumbList Dataset
https://warminboxes.com/leads/computers-all-storeleads-db-2026,lead list,Computers All - Storeleads DB 2026 | Free Lead List,"Free download: Computers All - Storeleads DB 2026. 71,200 leads with 53,000 verified emails. Who this is for: component distributors and RMA services, warrant",Ecommerce,71200,53000,Organization BreadcrumbList Dataset
https://warminboxes.com/leads/concierge-errand-services-united-states,lead list,Concierge & Errand-Running Services - United States | Free Lead List,"Free download: Concierge & Errand-Running Services - United States. 10,800 leads, emails not included so you enrich them yourself. Who this is for: scheduling",Business Services,10800,0,Organization BreadcrumbList Dataset
https://warminboxes.com/leads/confectionery-stores-us,lead list,Confectionery Stores - US | Free Lead List,"Free download: Confectionery Stores - US. 103,100 leads, emails not included so you enrich them yourself. Who this is for: wholesale and importer suppliers, P",Food & Beverage,103100,0,Organization BreadcrumbList Dataset
https://warminboxes.com/leads/conference-convention-centers-united-states,lead list,Conference & Convention Centers - United States | Free Lead List,"Free download: Conference & Convention Centers - United States. 32,800 leads, emails not included so you enrich them yourself. Who this is for: event-manageme",Hospitality,32800,0,Organization BreadcrumbList Dataset
https://warminboxes.com/leads/connecticut-business-development-contacts-clay-2026,lead list,Connecticut Business Development Contacts - Clay 2026 | Free Lead List,"Free download: Connecticut Business Development Contacts - Clay 2026. 1,166 leads, emails not included so you enrich them yourself. Who this is for: partnersh",Decision Makers,1166,0,Organization BreadcrumbList Dataset
https://warminboxes.com/leads/connecticut-facility-management-contacts-clay-2026,lead list,Connecticut Facility Management Contacts - Clay 2026 | Free Lead List,"Free download: Connecticut Facility Management Contacts - Clay 2026. 4,115 leads, emails not included so you enrich them yourself. Who this is for: commercial",Decision Makers,4115,0,Organization BreadcrumbList Dataset
https://warminboxes.com/leads/connecticut-sales-contacts-clay-2026,lead list,Connecticut Sales Contacts - Clay 2026 | Free Lead List,"Free download: Connecticut Sales Contacts - Clay 2026. 2,131 leads, emails not included so you enrich them yourself. Who this is for: CRM and sales tooling, o",Decision Makers,2131,0,Organization BreadcrumbList Dataset
https://warminboxes.com/leads/construction-arizona,lead list,Construction - Arizona | Free Lead List,"Free download: Construction - Arizona. 6,900 leads with 2,400 verified emails. Who this is for: building material suppliers, equipment rental, estimating soft",Construction,6900,2400,Organization BreadcrumbList Dataset
https://warminboxes.com/leads/construction-canada,lead list,Construction - Canada | Free Lead List,"Free download: Construction - Canada. 1,000 leads with 500 verified emails. Who this is for: building material suppliers, equipment rental, estimating softwar",Construction,1000,500,Organization BreadcrumbList Dataset
https://warminboxes.com/leads/construction-colorado,lead list,Construction - Colorado | Free Lead List,"Free download: Construction - Colorado. 5,500 leads with 1,300 verified emails. Who this is for: building material suppliers, equipment rental, estimating sof",Construction,5500,1300,Organization BreadcrumbList Dataset
https://warminboxes.com/leads/construction-florida,lead list,Construction - Florida | Free Lead List,"Free download: Construction - Florida. 7,600 leads with 1,500 verified emails. Who this is for: building material suppliers, equipment rental, estimating soft",Construction,7600,1500,Organization BreadcrumbList Dataset
https://warminboxes.com/leads/construction-indiana,lead list,Construction - Indiana | Free Lead List,"Free download: Construction - Indiana. 4,300 leads with 1,300 verified emails. Who this is for: building material suppliers, equipment rental, estimating soft",Construction,4300,1300,Organization BreadcrumbList Dataset
https://warminboxes.com/leads/construction-kentucky,lead list,Construction - Kentucky | Free Lead List,"Free download: Construction - Kentucky. 2,500 leads with 591 verified emails. Who this is for: building material suppliers, equipment rental, estimating softw",Construction,2500,591,Organization BreadcrumbList Dataset
https://warminboxes.com/leads/construction-new-jersey,lead list,Construction - New Jersey | Free Lead List,"Free download: Construction - New Jersey. 8,000 leads with 3,100 verified emails. Who this is for: building material suppliers, equipment rental, estimating s",Construction,8000,3100,Organization BreadcrumbList Dataset
https://warminboxes.com/leads/construction-new-york,lead list,Construction - New York | Free Lead List,"Free download: Construction - New York. 1,800 leads with 390 verified emails. Who this is for: building material suppliers, equipment rental, estimating softw",Construction,1800,390,Organization BreadcrumbList Dataset
https://warminboxes.com/leads/construction-pennsylvania,lead list,Construction - Pennsylvania | Free Lead List,"Free download: Construction - Pennsylvania. 18,600 leads with 6,900 verified emails. Who this is for: building material suppliers, equipment rental, estimatin",Construction,18600,6900,Organization BreadcrumbList Dataset
https://warminboxes.com/leads/construction-real-estate-canada,lead list,Construction & Real Estate - Canada | Free Lead List,"Free download: Construction & Real Estate - Canada. 70,600 leads, emails not included so you enrich them yourself. Who this is for: construction software, mat",Construction,70600,0,Organization BreadcrumbList Dataset
https://warminboxes.com/leads/construction-real-estate-united-kingdom,lead list,Construction & Real Estate - United Kingdom | Free Lead List,"Free download: Construction & Real Estate - United Kingdom. 340,100 leads, emails not included so you enrich them yourself. Who this is for: construction and",Construction,340100,0,Organization BreadcrumbList Dataset
https://warminboxes.com/leads/construction-real-estate-united-states,lead list,Construction & Real Estate - United States | Free Lead List,"Free download: Construction & Real Estate - United States. 897,900 leads, emails not included so you enrich them yourself. Who this is for: construction softw",Construction,897900,0,Organization BreadcrumbList Dataset
https://warminboxes.com/leads/construction-texas,lead list,Construction - Texas | Free Lead List,"Free download: Construction - Texas. 3,700 leads with 1,500 verified emails. Who this is for: building material suppliers, equipment rental, estimating softwa",Construction,3700,1500,Organization BreadcrumbList Dataset
https://warminboxes.com/leads/construction-uk,lead list,Construction - UK | Free Lead List,"Free download: Construction - UK. 8,100 leads with 2,300 verified emails. Who this is for: building material suppliers, equipment hire, estimating software, a",Construction,8100,2300,Organization BreadcrumbList Dataset
https://warminboxes.com/leads/consumer-electronics-all-storeleads-db-2026,lead list,Consumer Electronics All - Storeleads DB 2026 | Free Lead List,"Free download: Consumer Electronics All - Storeleads DB 2026. 58,800 leads with 38,000 verified emails. Who this is for: component and accessory distributors,",Ecommerce,58800,38000,Organization BreadcrumbList Dataset
https://warminboxes.com/leads/consumer-product-manufacturing-canada,lead list,Consumer and Product Manufacturing - Canada | Free Lead List,"Free download: Consumer and Product Manufacturing - Canada. 12,000 leads, emails not included so you enrich them yourself. Who this is for: industrial softwar",Manufacturing,12000,0,Organization BreadcrumbList Dataset
https://warminboxes.com/leads/consumer-product-manufacturing-united-kingdom,lead list,Consumer and Product Manufacturing - United Kingdom | Free Lead List,"Free download: Consumer and Product Manufacturing - United Kingdom. 65,100 leads, emails not included so you enrich them yourself. Who this is for: industrial",Manufacturing,65100,0,Organization BreadcrumbList Dataset
https://warminboxes.com/leads/consumer-product-manufacturing-united-states,lead list,Consumer and Product Manufacturing - United States | Free Lead List,"Free download: Consumer and Product Manufacturing - United States. 111,500 leads, emails not included so you enrich them yourself. Who this is for: ERP and ME",Manufacturing,111500,0,Organization BreadcrumbList Dataset
https://warminboxes.com/leads/copywriting-content-studios-united-states,lead list,Copywriting & Content Studios - United States | Free Lead List,"Free download: Copywriting & Content Studios - United States. 9,900 leads, emails not included so you enrich them yourself. Who this is for: martech and AI-wr",Marketing,9900,0,Organization BreadcrumbList Dataset
https://warminboxes.com/leads/corporate-event-planning-production-united-states,lead list,Corporate Event Planning & Production - UNITED STATES | Free Lead List,"Free download: Corporate Event Planning & Production - UNITED STATES. 37,900 leads, emails not included so you enrich them yourself. Who this is for: AV and s",Events & Entertainment,37900,0,Organization BreadcrumbList Dataset
https://warminboxes.com/leads/corporate-housing-extended-stay-suites-united-states,lead list,Corporate Housing Extended-Stay Suites - United States | Free Lead List,"Free download: Corporate Housing Extended-Stay Suites - United States. 111,500 leads, emails not included so you enrich them yourself. Who this is for: proper",Hospitality,111500,0,Organization BreadcrumbList Dataset
https://warminboxes.com/leads/corporate-law-attorney,lead list,Corporate Law Attorney | Free Lead List,"Free download: Corporate Law Attorney. 380,700 leads, emails not included so you enrich them yourself. Who this is for: contract lifecycle and diligence softw",Legal Services,380700,0,Organization BreadcrumbList Dataset
https://warminboxes.com/leads/cosmetic-dentist,lead list,Cosmetic Dentist | Free Lead List,"Free download: Cosmetic Dentist. 649,600 leads, emails not included so you enrich them yourself. Who this is for: dental equipment and materials suppliers, pr",Healthcare,649600,0,Organization BreadcrumbList Dataset
https://warminboxes.com/leads/cosmetic-tattooing-united-states,lead list,"Cosmetic Tattooing (Microblading, Lip Blush) - United States | Free Lead List","Free download: Cosmetic Tattooing (Microblading, Lip Blush) - United States. 17,800 leads, emails not included so you enrich them yourself. Who this is for: b",Beauty,17800,0,Organization BreadcrumbList Dataset
https://warminboxes.com/leads/coupons-and-discounts-storeleads-db-2026,lead list,Coupons and Discounts - Storeleads DB 2026 | Free Lead List,"Free download: Coupons and Discounts - Storeleads DB 2026. 1,600 leads with 700 verified emails. Who this is for: affiliate and cashback networks, ad monetisa",Ecommerce,1600,700,Organization BreadcrumbList Dataset
https://warminboxes.com/leads/courier-same-day-delivery-us,lead list,Courier & Same-Day Delivery - US | Free Lead List,"Free download: Courier & Same-Day Delivery - US. 106,000 leads, emails not included so you enrich them yourself. Who this is for: routing and dispatch softwar",Business Services,106000,0,Organization BreadcrumbList Dataset
https://warminboxes.com/leads/coworking-spaces-flexible-offices-united-states,lead list,Coworking Spaces & Flexible Offices - United States | Free Lead List,"Free download: Coworking Spaces & Flexible Offices - United States. 21,600 leads, emails not included so you enrich them yourself. Who this is for: space mana",Business Services,21600,0,Organization BreadcrumbList Dataset
https://warminboxes.com/leads/craft-beverage-stores-united-states,lead list,Craft Beverage Stores - United States | Free Lead List,"Free download: Craft Beverage Stores - United States. 35,900 leads, emails not included so you enrich them yourself. Who this is for: POS and inventory softwa",Retail,35900,0,Organization BreadcrumbList Dataset
https://warminboxes.com/leads/craft-distilleries-united-states,lead list,Craft Distilleries - United States | Free Lead List,"Free download: Craft Distilleries - United States. 13,500 leads, emails not included so you enrich them yourself. Who this is for: beverage suppliers, POS and",Food & Beverage,13500,0,Organization BreadcrumbList Dataset
https://warminboxes.com/leads/credit-repair-firms-united-states,lead list,Credit-Repair Firms - United States | Free Lead List,"Free download: Credit-Repair Firms - United States. 12,800 leads, emails not included so you enrich them yourself. Who this is for: fintech and CRM vendors, l",Financial Services,12800,0,Organization BreadcrumbList Dataset
https://warminboxes.com/leads/criminal-defense-lawyer,lead list,Criminal Defense Lawyer | Free Lead List,"Free download: Criminal Defense Lawyer. 469,000 leads, emails not included so you enrich them yourself. Who this is for: case management and e-filing software",Legal Services,469000,0,Organization BreadcrumbList Dataset
https://warminboxes.com/leads/crossfit-hiit-boxes-united-states,lead list,CrossFit & HIIT Boxes - United States | Free Lead List,"Free download: CrossFit & HIIT Boxes - United States. 19,000 leads, emails not included so you enrich them yourself. Who this is for: gym management software,",Sports & Recreation,19000,0,Organization BreadcrumbList Dataset
https://warminboxes.com/leads/crowd-control-event-security-united-states,lead list,Crowd-Control & Event Security - United States | Free Lead List,"Free download: Crowd-Control & Event Security - United States. 17,400 leads, emails not included so you enrich them yourself. Who this is for: staffing platfo",Security,17400,0,Organization BreadcrumbList Dataset
https://warminboxes.com/leads/culinary-schools-for-kids-teens-united-states,lead list,Culinary Schools for Kids & Teens - United States | Free Lead List,"Free download: Culinary Schools for Kids & Teens - United States. 30,600 leads, emails not included so you enrich them yourself. Who this is for: class manage",Education,30600,0,Organization BreadcrumbList Dataset
https://warminboxes.com/leads/custom-car-wrap-vinyl-shops-united-states,lead list,Custom Car Wrap & Vinyl Shops - United States | Free Lead List,"Free download: Custom Car Wrap & Vinyl Shops - United States. 19,900 leads, emails not included so you enrich them yourself. Who this is for: vinyl and materi",Automotives,19900,0,Organization BreadcrumbList Dataset
https://warminboxes.com/leads/cybersecurity-companies,lead list,Cybersecurity Companies | Free Lead List,"Free download: Cybersecurity Companies. 3,700 leads, emails not included so you enrich them yourself. Who this is for: security tooling and threat-intelligenc",IT Services,3700,0,Organization BreadcrumbList Dataset
https://warminboxes.com/leads/cycling-spin-studios-united-states,lead list,Cycling & Spin Studios - United States | Free Lead List,"Free download: Cycling & Spin Studios - United States. 12,400 leads, emails not included so you enrich them yourself. Who this is for: class-booking and membe",Sports & Recreation,12400,0,Organization BreadcrumbList Dataset
https://warminboxes.com/leads/dance-studios-united-states,lead list,Dance Studios - United States | Free Lead List,"Free download: Dance Studios - United States. 24,800 leads, emails not included so you enrich them yourself. Who this is for: studio management and booking so",Events & Entertainment,24800,0,Organization BreadcrumbList Dataset
https://warminboxes.com/leads/data-infrastructure-companies-clay-2026,lead list,Data Infrastructure Companies - Clay 2026 | Free Lead List,"Free download: Data Infrastructure Companies - Clay 2026. 15,000 leads, emails not included so you enrich them yourself. Who this is for: cloud and storage ve",Software & Technology,15000,0,Organization BreadcrumbList Dataset
https://warminboxes.com/leads/data-recovery-forensics-united-states,lead list,Data Recovery & Forensics - United States | Free Lead List,"Free download: Data Recovery & Forensics - United States. 11,200 leads, emails not included so you enrich them yourself. Who this is for: storage hardware ven",IT Services,11200,0,Organization BreadcrumbList Dataset
https://warminboxes.com/leads/debt-collection-agencies-united-states,lead list,Debt Collection Agencies - United States | Free Lead List,"Free download: Debt Collection Agencies - United States. 13,600 leads, emails not included so you enrich them yourself. Who this is for: collections and compl",Financial Services,13600,0,Organization BreadcrumbList Dataset
https://warminboxes.com/leads/deck-builders-united-states,lead list,Deck Builders - United States | Free Lead List,"Free download: Deck Builders - United States. 48,900 leads, emails not included so you enrich them yourself. Who this is for: lumber and composite suppliers,",Construction,48900,0,Organization BreadcrumbList Dataset
https://warminboxes.com/leads/delaware-facility-management-contacts-clay-2026,lead list,Delaware Facility Management Contacts - Clay 2026 | Free Lead List,"Free download: Delaware Facility Management Contacts - Clay 2026. 1,115 leads, emails not included so you enrich them yourself. Who this is for: commercial cl",Decision Makers,1115,0,Organization BreadcrumbList Dataset
https://warminboxes.com/leads/demolition-services-united-states,lead list,Demolition Services - United States | Free Lead List,"Free download: Demolition Services - United States. 42,600 leads, emails not included so you enrich them yourself. Who this is for: contractor and equipment s",Construction,42600,0,Organization BreadcrumbList Dataset
https://warminboxes.com/leads/denmark-all-clay-2026,lead list,Denmark - All Industries - Clay 2026 | Free Lead List,"Free download: Denmark - All Industries - Clay 2026. 128,600 leads, emails not included so you enrich them yourself. Who this is for: anyone selling into Denm",Geo Leads,128600,0,Organization BreadcrumbList Dataset
https://warminboxes.com/leads/dental-implant-provider,lead list,Dental Implant Provider | Free Lead List,"Free download: Dental Implant Provider. 630,000 leads, emails not included so you enrich them yourself. Who this is for: implant and biomaterials suppliers, i",Healthcare,630000,0,Organization BreadcrumbList Dataset
https://warminboxes.com/leads/dentists-canada-clay-2026,lead list,Dentists - Canada - Clay 2026 | Free Lead List,"Free download: Dentists - Canada - Clay 2026. 690 leads, emails not included so you enrich them yourself. Who this is for: dental software, billing, marketing",Local Business,690,0,Organization BreadcrumbList Dataset
https://warminboxes.com/leads/dentists-united-kingdom-clay-2026,lead list,Dentists - United Kingdom - Clay 2026 | Free Lead List,"Free download: Dentists - United Kingdom - Clay 2026. 690 leads, emails not included so you enrich them yourself. Who this is for: dental software, billing an",Local Business,690,0,Organization BreadcrumbList Dataset
https://warminboxes.com/leads/dentists-united-states-clay-2026,lead list,Dentists - United States - Clay 2026 | Free Lead List,"Free download: Dentists - United States - Clay 2026. 3,700 leads, emails not included so you enrich them yourself. Who this is for: practice-management and bo",Local Business,3700,0,Organization BreadcrumbList Dataset
https://warminboxes.com/leads/denture-care-center,lead list,Denture Care Center | Free Lead List,"Free download: Denture Care Center. 545,400 leads, emails not included so you enrich them yourself. Who this is for: dental labs and materials suppliers, prac",Healthcare,545400,0,Organization BreadcrumbList Dataset
https://warminboxes.com/leads/dermatologists-united-states,lead list,Dermatologists - United States | Free Lead List,"Free download: Dermatologists - United States. 38,100 leads, emails not included so you enrich them yourself. Who this is for: practice management and telehea",Healthcare,38100,0,Organization BreadcrumbList Dataset
https://warminboxes.com/leads/diagnostic-imaging-center,lead list,Diagnostic Imaging Center | Free Lead List,"Free download: Diagnostic Imaging Center. 437,200 leads, emails not included so you enrich them yourself. Who this is for: imaging equipment and service vendo",Healthcare,437200,0,Organization BreadcrumbList Dataset
https://warminboxes.com/leads/dialysis-centers-united-states,lead list,Dialysis Centers - United States | Free Lead List,"Free download: Dialysis Centers - United States. 12,600 leads, emails not included so you enrich them yourself. Who this is for: medical devices and consumabl",Healthcare,12600,0,Organization BreadcrumbList Dataset
https://warminboxes.com/leads/disaster-cleanup-biohazard-remediation-united-states,lead list,Disaster Cleanup & Biohazard Remediation - United States | Free Lead List,"Free download: Disaster Cleanup & Biohazard Remediation - United States. 9,700 leads, emails not included so you enrich them yourself. Who this is for: restor",Cleaning,9700,0,Organization BreadcrumbList Dataset
https://warminboxes.com/leads/distilled-spirits-retail-stores-united-states,lead list,Distilled Spirits Retail Stores - United States | Free Lead List,"Free download: Distilled Spirits Retail Stores - United States. 86,900 leads, emails not included so you enrich them yourself. Who this is for: POS and compli",Retail,86900,0,Organization BreadcrumbList Dataset
https://warminboxes.com/leads/divorce-lawyer,lead list,Divorce Lawyer | Free Lead List,"Free download: Divorce Lawyer. 1,048,500 leads, emails not included so you enrich them yourself. Who this is for: case management and document automation soft",Legal Services,1048500,0,Organization BreadcrumbList Dataset
https://warminboxes.com/leads/document-shredding-secure-destruction-united-states,lead list,Document Shredding & Secure Destruction - United States | Free Lead List,"Free download: Document Shredding & Secure Destruction - United States. 12,100 leads, emails not included so you enrich them yourself. Who this is for: route",Business Services,12100,0,Organization BreadcrumbList Dataset
https://warminboxes.com/leads/dog-grooming-spa-services-united-states,lead list,Dog Grooming & Spa Services - United States | Free Lead List,"Free download: Dog Grooming & Spa Services - United States. 34,500 leads, emails not included so you enrich them yourself. Who this is for: booking software,",Pet Services,34500,0,Organization BreadcrumbList Dataset
https://warminboxes.com/leads/domain-hosting-resellers-united-states,lead list,Domain Registration & Hosting Resellers - United States | Free Lead List,"Free download: Domain Registration & Hosting Resellers - United States. 21,800 leads, emails not included so you enrich them yourself. Who this is for: infras",Software & Technology,21800,0,Organization BreadcrumbList Dataset
https://warminboxes.com/leads/donut-pastry-boutiques-united-states,lead list,Donut & Pastry Boutiques - United States | Free Lead List,"Free download: Donut & Pastry Boutiques - United States. 74,500 leads, emails not included so you enrich them yourself. Who this is for: POS systems, wholesal",Food & Beverage,74500,0,Organization BreadcrumbList Dataset
https://warminboxes.com/leads/drafting-cad-services-united-states,lead list,Drafting & CAD Services - United States | Free Lead List,"Free download: Drafting & CAD Services - United States. 4,500 leads, emails not included so you enrich them yourself. Who this is for: CAD software vendors, o",Engineering,4500,0,Organization BreadcrumbList Dataset
https://warminboxes.com/leads/driver-education-for-seniors-united-states,lead list,Driver Education for Seniors - United States | Free Lead List,"Free download: Driver Education for Seniors - United States. 34,400 leads, emails not included so you enrich them yourself. Who this is for: scheduling softwa",Education,34400,0,Organization BreadcrumbList Dataset
https://warminboxes.com/leads/driveway-paving-sealing-united-states,lead list,Driveway Paving & Sealing - United States | Free Lead List,"Free download: Driveway Paving & Sealing - United States. 9,500 leads, emails not included so you enrich them yourself. Who this is for: asphalt and sealer su",Construction,9500,0,Organization BreadcrumbList Dataset
https://warminboxes.com/leads/driving-schools-united-states,lead list,Driving Schools - United States | Free Lead List,"Free download: Driving Schools - United States. 21,200 leads, emails not included so you enrich them yourself. Who this is for: scheduling and booking softwar",Education,21200,0,Organization BreadcrumbList Dataset
https://warminboxes.com/leads/drone-photography-mapping-united-states,lead list,Drone Photography & Mapping - United States | Free Lead List,"Free download: Drone Photography & Mapping - United States. 13,000 leads, emails not included so you enrich them yourself. Who this is for: drone hardware and",Photography & Media,13000,0,Organization BreadcrumbList Dataset
https://warminboxes.com/leads/drywall-plaster-contractors-united-states,lead list,Drywall & Plaster Contractors - United States | Free Lead List,"Free download: Drywall & Plaster Contractors - United States. 15,700 leads, emails not included so you enrich them yourself. Who this is for: contractor softw",Construction,15700,0,Organization BreadcrumbList Dataset
https://warminboxes.com/leads/early-intervention-therapy-united-states,lead list,"Early-Intervention Therapy (Speech, OT, PT) - United States | Free Lead List","Free download: Early-Intervention Therapy (Speech, OT, PT) - United States. 35,500 leads, emails not included so you enrich them yourself. Who this is for: pr",Healthcare,35500,0,Organization BreadcrumbList Dataset
https://warminboxes.com/leads/earthquake-storm-retrofitting-united-states,lead list,Earthquake & Storm Retrofitting - United States | Free Lead List,"Free download: Earthquake & Storm Retrofitting - United States. 14,200 leads, emails not included so you enrich them yourself. Who this is for: structural har",Construction,14200,0,Organization BreadcrumbList Dataset
https://warminboxes.com/leads/ecommerce-brands-10k,lead list,Ecommerce Brands - 10K Emails | Free Lead List,"Free download: Ecommerce Brands - 10K Emails. 10,000 leads with 10,000 verified emails. Who this is for: ecommerce apps and Shopify tools, email and SMS platf",Retail,10000,10000,Organization BreadcrumbList Dataset
https://warminboxes.com/leads/education-canada-clay-2026,lead list,Education - Canada - Clay 2026 | Free Lead List,"Free download: Education - Canada - Clay 2026. 4,900 leads, emails not included so you enrich them yourself. Who this is for: edtech and services vendors sell",Education,4900,0,Organization BreadcrumbList Dataset
https://warminboxes.com/leads/education-training,lead list,Education & Training | Free Lead List,"Free download: Education & Training. 2,600 leads with 2,600 verified emails. Who this is for: learning platforms, curriculum providers, and enrollment tools s",Education,2600,2600,Organization BreadcrumbList Dataset
https://warminboxes.com/leads/education-training-canada-clay-2026,lead list,Education Training - Canada - Clay 2026 | Free Lead List,"Free download: Education Training - Canada - Clay 2026. 29,200 leads, emails not included so you enrich them yourself. Who this is for: LMS and courseware pro",Education,29200,0,Organization BreadcrumbList Dataset
https://warminboxes.com/leads/education-training-uk-clay-2026,lead list,Education Training - UK - Clay 2026 | Free Lead List,"Free download: Education Training - UK - Clay 2026. 127,400 leads, emails not included so you enrich them yourself. Who this is for: LMS and courseware provid",Education,127400,0,Organization BreadcrumbList Dataset
https://warminboxes.com/leads/education-training-us-clay-2026,lead list,Education Training - US - Clay 2026 | Free Lead List,"Free download: Education Training - US - Clay 2026. 263,800 leads, emails not included so you enrich them yourself. Who this is for: LMS and courseware provid",Education,263800,0,Organization BreadcrumbList Dataset
https://warminboxes.com/leads/education-united-kingdom-clay-2026,lead list,Education - United Kingdom - Clay 2026 | Free Lead List,"Free download: Education - United Kingdom - Clay 2026. 12,800 leads, emails not included so you enrich them yourself. Who this is for: edtech vendors, curricu",Education,12800,0,Organization BreadcrumbList Dataset
https://warminboxes.com/leads/education-united-states-clay-2026,lead list,Education - United States - Clay 2026 | Free Lead List,"Free download: Education - United States - Clay 2026. 30,900 leads, emails not included so you enrich them yourself. Who this is for: edtech and SaaS vendors,",Education,30900,0,Organization BreadcrumbList Dataset
https://warminboxes.com/leads/electric-vehicle-conversion-repair-united-states,lead list,Electric Vehicle Conversion & Repair - United States | Free Lead List,"Free download: Electric Vehicle Conversion & Repair - United States. 53,900 leads, emails not included so you enrich them yourself. Who this is for: EV parts",Automotives,53900,0,Organization BreadcrumbList Dataset
https://warminboxes.com/leads/electric-vehicle-dealerships,lead list,Electric Vehicle Dealerships | Free Lead List,"Free download: Electric Vehicle Dealerships. 56,500 leads, emails not included so you enrich them yourself. Who this is for: charging infrastructure vendors,",Automotives,56500,0,Organization BreadcrumbList Dataset
https://warminboxes.com/leads/electric-vehicle-dealerships-united-states,lead list,Electric Vehicle Dealerships - United States | Free Lead List,"Free download: Electric Vehicle Dealerships - United States. 55,600 leads, emails not included so you enrich them yourself. Who this is for: automotive softwa",Automotives,55600,0,Organization BreadcrumbList Dataset
https://warminboxes.com/leads/electrical-equipment-manufacturing-canada,lead list,Electrical Equipment & Manufacturing - Canada | Free Lead List,"Free download: Electrical Equipment & Manufacturing - Canada. 279 leads, emails not included so you enrich them yourself. Who this is for: industrial software",Manufacturing,279,0,Organization BreadcrumbList Dataset
https://warminboxes.com/leads/electrical-equipment-manufacturing-united-kingdom,lead list,Electrical Equipment & Manufacturing - United Kingdom | Free Lead List,"Free download: Electrical Equipment & Manufacturing - United Kingdom. 415 leads, emails not included so you enrich them yourself. Who this is for: industrial",Manufacturing,415,0,Organization BreadcrumbList Dataset
https://warminboxes.com/leads/electrical-equipment-manufacturing-united-states,lead list,Electrical Equipment & Manufacturing - United States | Free Lead List,"Free download: Electrical Equipment & Manufacturing - United States. 1,200 leads, emails not included so you enrich them yourself. Who this is for: industrial",Manufacturing,1200,0,Organization BreadcrumbList Dataset
https://warminboxes.com/leads/electrician,lead list,Electrician | Free Lead List,"Free download: Electrician. 388,000 leads, emails not included so you enrich them yourself. Who this is for: electrical supply distributors, estimating and jo",Electrical Contractors,388000,0,Organization BreadcrumbList Dataset
https://warminboxes.com/leads/electricians-canada-d7,lead list,Electricians - Canada (D7 Bulk) | Free Lead List,"Free download: Electricians - Canada (D7 Bulk). 4,800 leads, emails not included so you enrich them yourself. Who this is for: field-service software, supply",Electrical Contractors,4800,0,Organization BreadcrumbList Dataset
https://warminboxes.com/leads/electronics-manufacturing-canada-clay-2026,lead list,Electronics Manufacturing - Canada - Clay 2026 | Free Lead List,"Free download: Electronics Manufacturing - Canada - Clay 2026. 3,200 leads, emails not included so you enrich them yourself. Who this is for: component suppli",Manufacturing,3200,0,Organization BreadcrumbList Dataset
https://warminboxes.com/leads/electronics-manufacturing-uk-clay-2026,lead list,Electronics Manufacturing - UK - Clay 2026 | Free Lead List,"Free download: Electronics Manufacturing - UK - Clay 2026. 19,800 leads, emails not included so you enrich them yourself. Who this is for: component suppliers",Manufacturing,19800,0,Organization BreadcrumbList Dataset
https://warminboxes.com/leads/electronics-manufacturing-us-clay-2026,lead list,Electronics Manufacturing - US - Clay 2026 | Free Lead List,"Free download: Electronics Manufacturing - US - Clay 2026. 44,800 leads, emails not included so you enrich them yourself. Who this is for: component suppliers",Manufacturing,44800,0,Organization BreadcrumbList Dataset
https://warminboxes.com/leads/elevator-installation-service-united-states,lead list,Elevator Installation & Service - United States | Free Lead List,"Free download: Elevator Installation & Service - United States. 30,500 leads, emails not included so you enrich them yourself. Who this is for: field-service",Construction,30500,0,Organization BreadcrumbList Dataset
https://warminboxes.com/leads/emergency-dentist,lead list,Emergency Dentist | Free Lead List,"Free download: Emergency Dentist. 613,800 leads, emails not included so you enrich them yourself. Who this is for: dental supply distributors, practice manage",Healthcare,613800,0,Organization BreadcrumbList Dataset
https://warminboxes.com/leads/emergency-plumbers,lead list,Emergency Plumbers | Free Lead List,"Free download: Emergency Plumbers. 1,600,000 leads, emails not included so you enrich them yourself. Who this is for: field-service and dispatch software, lea",Home Services,1600000,0,Organization BreadcrumbList Dataset
https://warminboxes.com/leads/emergency-veterinarian,lead list,Emergency Veterinarian | Free Lead List,"Free download: Emergency Veterinarian. 176,400 leads, emails not included so you enrich them yourself. Who this is for: veterinary equipment and pharmaceutica",Pet Services,176400,0,Organization BreadcrumbList Dataset
https://warminboxes.com/leads/emerging-markets-rest-clay-2026,lead list,Emerging Markets - Rest of World - Clay 2026 | Free Lead List,"Free download: Emerging Markets - Rest of World - Clay 2026. 4,500,000 leads, emails not included so you enrich them yourself. Who this is for: anyone buildin",Geo Leads,4500000,0,Organization BreadcrumbList Dataset
https://warminboxes.com/leads/emissions-repair-specialists-united-states,lead list,Emissions Repair Specialists - United States | Free Lead List,"Free download: Emissions Repair Specialists - United States. 53,000 leads, emails not included so you enrich them yourself. Who this is for: diagnostic equipm",Automotives,53000,0,Organization BreadcrumbList Dataset
https://warminboxes.com/leads/employment-lawyer,lead list,Employment Lawyer | Free Lead List,"Free download: Employment Lawyer. 468,800 leads, emails not included so you enrich them yourself. Who this is for: case and document management software, HR c",Legal Services,468800,0,Organization BreadcrumbList Dataset
https://warminboxes.com/leads/endodontist,lead list,Endodontist | Free Lead List,"Free download: Endodontist. 636,800 leads, emails not included so you enrich them yourself. Who this is for: endodontic equipment and materials suppliers, ima",Healthcare,636800,0,Organization BreadcrumbList Dataset
https://warminboxes.com/leads/energy-drink-retailers,lead list,Energy Drink Retailers | Free Lead List,"Free download: Energy Drink Retailers. 179,800 leads, emails not included so you enrich them yourself. Who this is for: beverage brands seeking shelf space, d",Food & Beverage,179800,0,Organization BreadcrumbList Dataset
https://warminboxes.com/leads/energy-environmental,lead list,Energy & Environmental | Free Lead List,"Free download: Energy & Environmental. 3,500 leads with 3,500 verified emails. Who this is for: monitoring and compliance software, equipment suppliers, and c",Energy & Environmental,3500,3500,Organization BreadcrumbList Dataset
https://warminboxes.com/leads/entertainment-arts-attractions-canada,lead list,"Entertainment, Arts & Attractions - Canada | Free Lead List","Free download: Entertainment, Arts & Attractions - Canada. 8,600 leads, emails not included so you enrich them yourself. Who this is for: ticketing and events",Events & Entertainment,8600,0,Organization BreadcrumbList Dataset
https://warminboxes.com/leads/entertainment-arts-attractions-united-kingdom,lead list,"Entertainment, Arts & Attractions - United Kingdom | Free Lead List","Free download: Entertainment, Arts & Attractions - United Kingdom. 57,400 leads, emails not included so you enrich them yourself. Who this is for: ticketing a",Events & Entertainment,57400,0,Organization BreadcrumbList Dataset
https://warminboxes.com/leads/entertainment-arts-attractions-united-states,lead list,"Entertainment, Arts & Attractions - United States | Free Lead List","Free download: Entertainment, Arts & Attractions - United States. 110,700 leads, emails not included so you enrich them yourself. Who this is for: ticketing a",Events & Entertainment,110700,0,Organization BreadcrumbList Dataset
https://warminboxes.com/leads/entertainment-providers-canada,lead list,Entertainment Providers - Canada | Free Lead List,"Free download: Entertainment Providers - Canada. 5,700 leads, emails not included so you enrich them yourself. Who this is for: ticketing and booking platform",Events & Entertainment,5700,0,Organization BreadcrumbList Dataset
https://warminboxes.com/leads/entertainment-providers-uk,lead list,Entertainment Providers - UK | Free Lead List,"Free download: Entertainment Providers - UK. 23,000 leads, emails not included so you enrich them yourself. Who this is for: ticketing and booking platforms,",Events & Entertainment,23000,0,Organization BreadcrumbList Dataset
https://warminboxes.com/leads/entertainment-providers-us,lead list,Entertainment Providers - US | Free Lead List,"Free download: Entertainment Providers - US. 57,300 leads, emails not included so you enrich them yourself. Who this is for: ticketing and booking platforms,",Events & Entertainment,57300,0,Organization BreadcrumbList Dataset
https://warminboxes.com/leads/environmental-and-conservation-canada-clay-2026,lead list,Environmental and Conservation - Canada - Clay 2026 | Free Lead List,"Free download: Environmental and Conservation - Canada - Clay 2026. 5,800 leads, emails not included so you enrich them yourself. Who this is for: remediation",Energy & Environmental,5800,0,Organization BreadcrumbList Dataset
https://warminboxes.com/leads/environmental-and-conservation-uk-clay-2026,lead list,Environmental and Conservation - UK - Clay 2026 | Free Lead List,"Free download: Environmental and Conservation - UK - Clay 2026. 17,900 leads, emails not included so you enrich them yourself. Who this is for: remediation an",Energy & Environmental,17900,0,Organization BreadcrumbList Dataset
https://warminboxes.com/leads/environmental-and-conservation-us-clay-2026,lead list,Environmental and Conservation - US - Clay 2026 | Free Lead List,"Free download: Environmental and Conservation - US - Clay 2026. 46,200 leads, emails not included so you enrich them yourself. Who this is for: remediation an",Energy & Environmental,46200,0,Organization BreadcrumbList Dataset
https://warminboxes.com/leads/environmental-sustainability-consultants-united-states,lead list,Environmental & Sustainability Consultants - United States | Free Lead List,"Free download: Environmental & Sustainability Consultants - United States. 13,000 leads, emails not included so you enrich them yourself. Who this is for: ESG",Consulting,13000,0,Organization BreadcrumbList Dataset
https://warminboxes.com/leads/equipment-rental-companies,lead list,Equipment Rental Companies | Free Lead List,"Free download: Equipment Rental Companies. 5,657 leads, emails not included so you enrich them yourself. Who this is for: rental management and telematics sof",Business Services,5657,0,Organization BreadcrumbList Dataset
https://warminboxes.com/leads/estate-planning-attorney,lead list,Estate Planning Attorney | Free Lead List,"Free download: Estate Planning Attorney. 535,700 leads, emails not included so you enrich them yourself. Who this is for: document automation and trust softwa",Legal Services,535700,0,Organization BreadcrumbList Dataset
https://warminboxes.com/leads/event-venues-united-states,lead list,Event Venues - United States | Free Lead List,"Free download: Event Venues - United States. 70,000 leads, emails not included so you enrich them yourself. Who this is for: booking and CRM software, caterin",Hospitality,70000,0,Organization BreadcrumbList Dataset
https://warminboxes.com/leads/events-leisure-recreation-canada,lead list,"Events, Leisure & Recreation - Canada | Free Lead List","Free download: Events, Leisure & Recreation - Canada. 13,100 leads, emails not included so you enrich them yourself. Who this is for: ticketing and booking pl",Events & Entertainment,13100,0,Organization BreadcrumbList Dataset
https://warminboxes.com/leads/events-leisure-recreation-united-kingdom,lead list,"Events, Leisure & Recreation - United Kingdom | Free Lead List","Free download: Events, Leisure & Recreation - United Kingdom. 68,800 leads, emails not included so you enrich them yourself. Who this is for: ticketing and bo",Events & Entertainment,68800,0,Organization BreadcrumbList Dataset
https://warminboxes.com/leads/events-leisure-recreation-united-states,lead list,"Events, Leisure & Recreation - United States | Free Lead List","Free download: Events, Leisure & Recreation - United States. 96,300 leads, emails not included so you enrich them yourself. Who this is for: ticketing and boo",Events & Entertainment,96300,0,Organization BreadcrumbList Dataset
https://warminboxes.com/leads/excavation-grading-contractors-united-states,lead list,Excavation & Grading Contractors - United States | Free Lead List,"Free download: Excavation & Grading Contractors - United States. 23,800 leads, emails not included so you enrich them yourself. Who this is for: heavy-equipme",Construction,23800,0,Organization BreadcrumbList Dataset
https://warminboxes.com/leads/executive-coaching-united-states,lead list,Executive Coaching - United States | Free Lead List,"Free download: Executive Coaching - United States. 57,000 leads, emails not included so you enrich them yourself. Who this is for: coaching-platform software,",Consulting,57000,0,Organization BreadcrumbList Dataset
https://warminboxes.com/leads/exotic-car-dealerships-united-states,lead list,Exotic Car Dealerships - United States | Free Lead List,"Free download: Exotic Car Dealerships - United States. 54,800 leads, emails not included so you enrich them yourself. Who this is for: inventory and DMS softw",Automotives,54800,0,Organization BreadcrumbList Dataset
https://warminboxes.com/leads/exterior-cleaning-united-kingdom,lead list,Exterior Cleaning - United Kingdom (Apollo) | Free Lead List,"Free download: Exterior Cleaning - United Kingdom (Apollo). 4,200 leads with 4,200 verified emails. Who this is for: field-service software, scheduling and pa",Cleaning,4200,4200,Organization BreadcrumbList Dataset
https://warminboxes.com/leads/exterior-cleaning-united-states,lead list,Exterior Cleaning - United States | Free Lead List,"Free download: Exterior Cleaning - United States. 29,100 leads with 7,700 verified emails. Who this is for: field-service software, scheduling and payments, m",Cleaning,29100,7700,Organization BreadcrumbList Dataset
https://warminboxes.com/leads/eyelash-brow-studios-united-states,lead list,Eyelash & Brow Studios - United States | Free Lead List,"Free download: Eyelash & Brow Studios - United States. 31,300 leads, emails not included so you enrich them yourself. Who this is for: booking and deposit sof",Beauty,31300,0,Organization BreadcrumbList Dataset
https://warminboxes.com/leads/family-medicine-practices,lead list,Family Medicine Practices | Free Lead List,"Free download: Family Medicine Practices. 160,000 leads, emails not included so you enrich them yourself. Who this is for: EHR and scheduling platforms, medic",Healthcare,160000,0,Organization BreadcrumbList Dataset
https://warminboxes.com/leads/farmers-market-vendors-united-states,lead list,Farmers Market Vendors - United States | Free Lead List,"Free download: Farmers Market Vendors - United States. 11,500 leads, emails not included so you enrich them yourself. Who this is for: mobile POS, packaging s",Retail,11500,0,Organization BreadcrumbList Dataset
https://warminboxes.com/leads/farming-ranching-forestry-canada-clay-2026,lead list,"Farming, Ranching & Forestry - Canada - Clay 2026 | Free Lead List","Free download: Farming, Ranching & Forestry - Canada - Clay 2026. 31,300 leads, emails not included so you enrich them yourself. Who this is for: ag-tech, equ",Farming,31300,0,Organization BreadcrumbList Dataset
https://warminboxes.com/leads/farming-ranching-forestry-united-kingdom-clay-2026,lead list,"Farming, Ranching & Forestry - United Kingdom - Clay 2026 | Free Lead List","Free download: Farming, Ranching & Forestry - United Kingdom - Clay 2026. 4,800 leads, emails not included so you enrich them yourself. Who this is for: ag-te",Farming,4800,0,Organization BreadcrumbList Dataset
https://warminboxes.com/leads/farming-ranching-forestry-united-states-clay-2026,lead list,"Farming, Ranching & Forestry - United States - Clay 2026 | Free Lead List","Free download: Farming, Ranching & Forestry - United States - Clay 2026. 2,500 leads, emails not included so you enrich them yourself. Who this is for: ag-tec",Farming,2500,0,Organization BreadcrumbList Dataset
https://warminboxes.com/leads/fence-staining-restoration-united-states,lead list,Fence Staining & Restoration - United States | Free Lead List,"Free download: Fence Staining & Restoration - United States. 23,800 leads, emails not included so you enrich them yourself. Who this is for: field-service sof",Home Services,23800,0,Organization BreadcrumbList Dataset
https://warminboxes.com/leads/fertility-ivf-clinics-united-states,lead list,Fertility & IVF Clinics - United States | Free Lead List,"Free download: Fertility & IVF Clinics - United States. 14,300 leads, emails not included so you enrich them yourself. Who this is for: lab equipment and cons",Healthcare,14300,0,Organization BreadcrumbList Dataset
https://warminboxes.com/leads/finance-all-storeleads-db-2026,lead list,Finance All - Storeleads DB 2026 | Free Lead List,"Free download: Finance All - Storeleads DB 2026. 53,000 leads with 19,000 verified emails. Who this is for: payment and lending providers, compliance and KYC",Ecommerce,53000,19000,Organization BreadcrumbList Dataset
https://warminboxes.com/leads/finance-banking-insurance-canada,lead list,Finance Banking and Insurance - Canada | Free Lead List,"Free download: Finance Banking and Insurance - Canada. 1,800 leads, emails not included so you enrich them yourself. Who this is for: fintech and insurtech ve",Financial Services,1800,0,Organization BreadcrumbList Dataset
https://warminboxes.com/leads/finance-banking-insurance-united-kingdom,lead list,Finance Banking and Insurance - United Kingdom | Free Lead List,"Free download: Finance Banking and Insurance - United Kingdom. 3,300 leads, emails not included so you enrich them yourself. Who this is for: fintech vendors,",Financial Services,3300,0,Organization BreadcrumbList Dataset
https://warminboxes.com/leads/finance-banking-insurance-united-states,lead list,Finance Banking and Insurance - United States | Free Lead List,"Free download: Finance Banking and Insurance - United States. 31,400 leads, emails not included so you enrich them yourself. Who this is for: fintech and core",Financial Services,31400,0,Organization BreadcrumbList Dataset
https://warminboxes.com/leads/finance-insurance,lead list,Finance & Insurance | Free Lead List,"Free download: Finance & Insurance. 6,400 leads with 6,400 verified emails. Who this is for: fintech and compliance software, data providers, and outsourcing",Financial Services,6400,6400,Organization BreadcrumbList Dataset
https://warminboxes.com/leads/financial-services-canada-clay-2026,lead list,Financial Services - Canada - Clay 2026 | Free Lead List,"Free download: Financial Services - Canada - Clay 2026. 14,800 leads, emails not included so you enrich them yourself. Who this is for: fintech and compliance",Financial Services,14800,0,Organization BreadcrumbList Dataset
https://warminboxes.com/leads/financial-services-uk-clay-2026,lead list,Financial Services - UK - Clay 2026 | Free Lead List,"Free download: Financial Services - UK - Clay 2026. 39,300 leads, emails not included so you enrich them yourself. Who this is for: fintech and compliance sof",Financial Services,39300,0,Organization BreadcrumbList Dataset
https://warminboxes.com/leads/financial-services-us-clay-2026,lead list,Financial Services - US - Clay 2026 | Free Lead List,"Free download: Financial Services - US - Clay 2026. 120,000 leads, emails not included so you enrich them yourself. Who this is for: fintech and compliance so",Financial Services,120000,0,Organization BreadcrumbList Dataset
https://warminboxes.com/leads/finland-all-clay-2026,lead list,Finland - All Industries - Clay 2026 | Free Lead List,"Free download: Finland - All Industries - Clay 2026. 71,600 leads, emails not included so you enrich them yourself. Who this is for: anyone selling into Finla",Geo Leads,71600,0,Organization BreadcrumbList Dataset
https://warminboxes.com/leads/fire-burglar-alarm-monitoring-centers,lead list,Fire & Burglar Alarm Monitoring Centers | Free Lead List,"Free download: Fire & Burglar Alarm Monitoring Centers. 23,000 leads, emails not included so you enrich them yourself. Who this is for: monitoring software, a",Security,23000,0,Organization BreadcrumbList Dataset
https://warminboxes.com/leads/fire-sprinkler-installation-united-states,lead list,Fire Sprinkler Installation - United States | Free Lead List,"Free download: Fire Sprinkler Installation - United States. 67,000 leads, emails not included so you enrich them yourself. Who this is for: fire protection su",Construction,67000,0,Organization BreadcrumbList Dataset
https://warminboxes.com/leads/firealarms-weapons-storeleads-db-2026,lead list,Firealarms & weapons - Storeleads DB 2026 | Free Lead List,"Free download: Firealarms & weapons - Storeleads DB 2026. 2,000 leads with 1,600 verified emails. Who this is for: compliance and licensing consultants, restr",Ecommerce,2000,1600,Organization BreadcrumbList Dataset
https://warminboxes.com/leads/fireworks-stands-united-states,lead list,Fireworks Stands (Seasonal) - United States | Free Lead List,"Free download: Fireworks Stands (Seasonal) - United States. 7,400 leads, emails not included so you enrich them yourself. Who this is for: wholesale fireworks",Retail,7400,0,Organization BreadcrumbList Dataset
https://warminboxes.com/leads/fitness-texas,lead list,Fitness - Texas | Free Lead List,"Free download: Fitness - Texas. 8,400 leads, emails not included so you enrich them yourself. Who this is for: membership and booking software, equipment bran",Health & Wellness,8400,0,Organization BreadcrumbList Dataset
https://warminboxes.com/leads/fleet-maintenance-providers-united-states,lead list,Fleet Maintenance Providers - United States | Free Lead List,"Free download: Fleet Maintenance Providers - United States. 86,300 leads, emails not included so you enrich them yourself. Who this is for: parts distributors",Automotives,86300,0,Organization BreadcrumbList Dataset
https://warminboxes.com/leads/flooring-canada,lead list,Flooring - Canada | Free Lead List,"Free download: Flooring - Canada. 36,000 leads with 11,200 verified emails. Who this is for: contractor and retail software, marketing, financing, and materia",Flooring,36000,11200,Organization BreadcrumbList Dataset
https://warminboxes.com/leads/flooring-united-kingdom,lead list,Flooring - United Kingdom | Free Lead List,"Free download: Flooring - United Kingdom. 2,100 leads with 2,100 verified emails. Who this is for: contractor and retail software, marketing, and materials su",Flooring,2100,2100,Organization BreadcrumbList Dataset
https://warminboxes.com/leads/flooring-united-states,lead list,Flooring - United States | Free Lead List,"Free download: Flooring - United States. 38,000 leads with 38,000 verified emails. Who this is for: contractor and retail software, marketing and lead-gen age",Flooring,38000,38000,Organization BreadcrumbList Dataset
https://warminboxes.com/leads/florida-business-development-contacts-clay-2026,lead list,Florida Business Development Contacts - Clay 2026 | Free Lead List,"Free download: Florida Business Development Contacts - Clay 2026. 10,300 leads, emails not included so you enrich them yourself. Who this is for: partnership",Decision Makers,10300,0,Organization BreadcrumbList Dataset
https://warminboxes.com/leads/florida-facility-management-contacts-clay-2026,lead list,Florida Facility Management Contacts - Clay 2026 | Free Lead List,"Free download: Florida Facility Management Contacts - Clay 2026. 22,700 leads, emails not included so you enrich them yourself. Who this is for: commercial cl",Decision Makers,22700,0,Organization BreadcrumbList Dataset
https://warminboxes.com/leads/florida-owners-clay-2026,lead list,Florida Owners - Clay 2026 | Free Lead List,"Free download: Florida Owners - Clay 2026. 5,000 leads, emails not included so you enrich them yourself. Who this is for: business loans and financing, insura",Decision Makers,5000,0,Organization BreadcrumbList Dataset
https://warminboxes.com/leads/florida-sales-contacts-clay-2026,lead list,Florida Sales Contacts - Clay 2026 | Free Lead List,"Free download: Florida Sales Contacts - Clay 2026. 11,800 leads, emails not included so you enrich them yourself. Who this is for: CRM and sales tooling, outb",Decision Makers,11800,0,Organization BreadcrumbList Dataset
https://warminboxes.com/leads/florists-united-states,lead list,Florists - United States | Free Lead List,"Free download: Florists - United States. 38,700 leads, emails not included so you enrich them yourself. Who this is for: wholesale flower suppliers, POS and d",Retail,38700,0,Organization BreadcrumbList Dataset
https://warminboxes.com/leads/food-beverage-canada,lead list,Food and Beverage - Canada | Free Lead List,"Free download: Food and Beverage - Canada. 59,700 leads, emails not included so you enrich them yourself. Who this is for: hospitality software, suppliers and",Food & Beverage,59700,0,Organization BreadcrumbList Dataset
https://warminboxes.com/leads/food-beverage-united-kingdom,lead list,Food and Beverage - United Kingdom | Free Lead List,"Free download: Food and Beverage - United Kingdom. 123,900 leads, emails not included so you enrich them yourself. Who this is for: hospitality software vendo",Food & Beverage,123900,0,Organization BreadcrumbList Dataset
https://warminboxes.com/leads/food-beverage-united-states,lead list,Food and Beverage - United States | Free Lead List,"Free download: Food and Beverage - United States. 438,900 leads, emails not included so you enrich them yourself. Who this is for: POS and ordering platforms,",Food & Beverage,438900,0,Organization BreadcrumbList Dataset
https://warminboxes.com/leads/food-packaging-supply-stores-united-states,lead list,Food Packaging Supply Stores - United States | Free Lead List,"Free download: Food Packaging Supply Stores - United States. 27,300 leads, emails not included so you enrich them yourself. Who this is for: packaging manufac",Retail,27300,0,Organization BreadcrumbList Dataset
https://warminboxes.com/leads/fractional-cfo-services-united-states,lead list,Fractional CFO Services - United States | Free Lead List,"Free download: Fractional CFO Services - United States. 26,000 leads, emails not included so you enrich them yourself. Who this is for: fintech and accounting",Financial Services,26000,0,Organization BreadcrumbList Dataset
https://warminboxes.com/leads/france-all-clay-2026,lead list,France - All Industries - Clay 2026 | Free Lead List,"Free download: France - All Industries - Clay 2026. 2,217,500 leads, emails not included so you enrich them yourself. Who this is for: anyone entering the Fre",Geo Leads,2217500,0,Organization BreadcrumbList Dataset
https://warminboxes.com/leads/functional-beverage-shops-united-states,lead list,Functional Beverage Shops - United States | Free Lead List,"Free download: Functional Beverage Shops - United States. 46,100 leads, emails not included so you enrich them yourself. Who this is for: beverage brands and",Food & Beverage,46100,0,Organization BreadcrumbList Dataset
https://warminboxes.com/leads/fundraising-capital-advisors-united-states,lead list,Fundraising & Capital-Raising Advisors - United States | Free Lead List,"Free download: Fundraising & Capital-Raising Advisors - United States. 43,000 leads, emails not included so you enrich them yourself. Who this is for: fintech",Financial Services,43000,0,Organization BreadcrumbList Dataset
https://warminboxes.com/leads/funeral-homes-cremation-united-states,lead list,Funeral Homes & Cremation Services - United States | Free Lead List,"Free download: Funeral Homes & Cremation Services - United States. 18,300 leads, emails not included so you enrich them yourself. Who this is for: practice-ma",Personal Services,18300,0,Organization BreadcrumbList Dataset
https://warminboxes.com/leads/furniture-stores-united-states,lead list,Furniture Stores - United States | Free Lead List,"Free download: Furniture Stores - United States. 15,200 leads, emails not included so you enrich them yourself. Who this is for: furniture brands and wholesal",Retail,15200,0,Organization BreadcrumbList Dataset
https://warminboxes.com/leads/games-storeleads-db-2026,lead list,Games - Storeleads DB 2026 | Free Lead List,"Free download: Games - Storeleads DB 2026. 62,900 leads with 19,500 verified emails. Who this is for: distributors and licensing partners, preorder and drop m",Ecommerce,62900,19500,Organization BreadcrumbList Dataset
https://warminboxes.com/leads/garage-organization-epoxy-flooring-united-states,lead list,Garage Organization & Epoxy Flooring - United States | Free Lead List,"Free download: Garage Organization & Epoxy Flooring - United States. 13,400 leads, emails not included so you enrich them yourself. Who this is for: coating s",Home Services,13400,0,Organization BreadcrumbList Dataset
https://warminboxes.com/leads/gastroenterology-centers-united-states,lead list,Gastroenterology Centers - United States | Free Lead List,"Free download: Gastroenterology Centers - United States. 12,100 leads, emails not included so you enrich them yourself. Who this is for: medical devices, prac",Healthcare,12100,0,Organization BreadcrumbList Dataset
https://warminboxes.com/leads/gate-automation-installers-united-states,lead list,Gate & Automation Installers - United States | Free Lead List,"Free download: Gate & Automation Installers - United States. 10,000 leads, emails not included so you enrich them yourself. Who this is for: access-control ha",Construction,10000,0,Organization BreadcrumbList Dataset
https://warminboxes.com/leads/gelato-sorbetto-shops-united-states,lead list,Gelato & Sorbetto Shops - United States | Free Lead List,"Free download: Gelato & Sorbetto Shops - United States. 12,300 leads, emails not included so you enrich them yourself. Who this is for: ingredient and equipme",Food & Beverage,12300,0,Organization BreadcrumbList Dataset
https://warminboxes.com/leads/genealogy-ancestry-research-services-united-states,lead list,Genealogy & Ancestry Research Services - United States | Free Lead List,"Free download: Genealogy & Ancestry Research Services - United States. 6,000 leads, emails not included so you enrich them yourself. Who this is for: records",Personal Services,6000,0,Organization BreadcrumbList Dataset
https://warminboxes.com/leads/general-contractors,lead list,General Contractors | Free Lead List,"Free download: General Contractors. 200,000 leads, emails not included so you enrich them yourself. Who this is for: materials distributors, estimating and pr",Construction,200000,0,Organization BreadcrumbList Dataset
https://warminboxes.com/leads/genetic-counseling-services-united-states,lead list,Genetic Counseling Services - United States | Free Lead List,"Free download: Genetic Counseling Services - United States. 24,800 leads, emails not included so you enrich them yourself. Who this is for: testing labs, tele",Healthcare,24800,0,Organization BreadcrumbList Dataset
https://warminboxes.com/leads/georgia-business-development-contacts-clay-2026,lead list,Georgia Business Development Contacts - Clay 2026 | Free Lead List,"Free download: Georgia Business Development Contacts - Clay 2026. 4,221 leads, emails not included so you enrich them yourself. Who this is for: partnership a",Decision Makers,4221,0,Organization BreadcrumbList Dataset
https://warminboxes.com/leads/georgia-facility-management-contacts-clay-2026,lead list,Georgia Facility Management Contacts - Clay 2026 | Free Lead List,"Free download: Georgia Facility Management Contacts - Clay 2026. 12,497 leads, emails not included so you enrich them yourself. Who this is for: commercial cl",Decision Makers,12497,0,Organization BreadcrumbList Dataset
https://warminboxes.com/leads/georgia-owners-clay-2026,lead list,Georgia Owners - Clay 2026 | Free Lead List,"Free download: Georgia Owners - Clay 2026. 3,212 leads, emails not included so you enrich them yourself. Who this is for: business loans and financing, insura",Decision Makers,3212,0,Organization BreadcrumbList Dataset
https://warminboxes.com/leads/georgia-sales-contacts-clay-2026,lead list,Georgia Sales Contacts - Clay 2026 | Free Lead List,"Free download: Georgia Sales Contacts - Clay 2026. 5,064 leads, emails not included so you enrich them yourself. Who this is for: CRM and sales tooling, outbo",Decision Makers,5064,0,Organization BreadcrumbList Dataset
https://warminboxes.com/leads/geriatric-care-clinics,lead list,Geriatric Care Clinics | Free Lead List,"Free download: Geriatric Care Clinics. 111,600 leads, emails not included so you enrich them yourself. Who this is for: EHR and care coordination platforms, m",Healthcare,111600,0,Organization BreadcrumbList Dataset
https://warminboxes.com/leads/germany-all-clay-2026,lead list,Germany - All Industries - Clay 2026 | Free Lead List,"Free download: Germany - All Industries - Clay 2026. 1,572,900 leads, emails not included so you enrich them yourself. Who this is for: anyone entering the Ge",Geo Leads,1572900,0,Organization BreadcrumbList Dataset
https://warminboxes.com/leads/gift-special-events-all-storeleads-db-2026,lead list,Gift & Special Events All - Storeleads DB 2026 | Free Lead List,"Free download: Gift & Special Events All - Storeleads DB 2026. 83,000 leads with 42,200 verified emails. Who this is for: personalisation and print partners,",Ecommerce,83000,42200,Organization BreadcrumbList Dataset
https://warminboxes.com/leads/glamping-resorts-luxury-tents-united-states,lead list,Glamping Resorts & Luxury Tents - United States | Free Lead List,"Free download: Glamping Resorts & Luxury Tents - United States. 16,400 leads, emails not included so you enrich them yourself. Who this is for: booking engine",Hospitality,16400,0,Organization BreadcrumbList Dataset
https://warminboxes.com/leads/glass-glazing-contractors-united-states,lead list,Glass & Glazing Contractors - United States | Free Lead List,"Free download: Glass & Glazing Contractors - United States. 7,800 leads, emails not included so you enrich them yourself. Who this is for: glass suppliers, es",Construction,7800,0,Organization BreadcrumbList Dataset
https://warminboxes.com/leads/gluten-free-bakeries-united-states,lead list,Gluten-Free Bakeries - United States | Free Lead List,"Free download: Gluten-Free Bakeries - United States. 9,400 leads, emails not included so you enrich them yourself. Who this is for: specialty ingredient suppl",Food & Beverage,9400,0,Organization BreadcrumbList Dataset
https://warminboxes.com/leads/gourmet-cheese-shops,lead list,Gourmet Cheese Shops | Free Lead List,"Free download: Gourmet Cheese Shops. 115,000 leads, emails not included so you enrich them yourself. Who this is for: specialty importers and creameries, cold",Food & Beverage,115000,0,Organization BreadcrumbList Dataset
https://warminboxes.com/leads/government-public-sector-and-policy-canada-clay-2026,lead list,Government Public Sector and Policy - Canada - Clay 2026 | Free Lead List,"Free download: Government Public Sector and Policy - Canada - Clay 2026. 8,500 leads, emails not included so you enrich them yourself. Who this is for: govtec",Government & Public Sector,8500,0,Organization BreadcrumbList Dataset
https://warminboxes.com/leads/government-public-sector-and-policy-uk-clay-2026,lead list,Government Public Sector and Policy - UK - Clay 2026 | Free Lead List,"Free download: Government Public Sector and Policy - UK - Clay 2026. 26,400 leads, emails not included so you enrich them yourself. Who this is for: govtech a",Government & Public Sector,26400,0,Organization BreadcrumbList Dataset
https://warminboxes.com/leads/government-public-sector-and-policy-us-clay-2026,lead list,Government Public Sector and Policy - US - Clay 2026 | Free Lead List,"Free download: Government Public Sector and Policy - US - Clay 2026. 119,500 leads, emails not included so you enrich them yourself. Who this is for: govtech",Government & Public Sector,119500,0,Organization BreadcrumbList Dataset
https://warminboxes.com/leads/grant-writing-services-united-states,lead list,Grant-Writing Services - United States | Free Lead List,"Free download: Grant-Writing Services - United States. 1,100 leads, emails not included so you enrich them yourself. Who this is for: grant databases, proposa",Business Services,1100,0,Organization BreadcrumbList Dataset
https://warminboxes.com/leads/green-passive-house-builders-united-states,lead list,Green & Passive-House Builders - United States | Free Lead List,"Free download: Green & Passive-House Builders - United States. 1,200 leads, emails not included so you enrich them yourself. Who this is for: high-performance",Construction,1200,0,Organization BreadcrumbList Dataset
https://warminboxes.com/leads/grocery-stores,lead list,Grocery Stores | Free Lead List,"Free download: Grocery Stores. 85,400 leads, emails not included so you enrich them yourself. Who this is for: wholesale distributors, POS and inventory platf",Food & Beverage,85400,0,Organization BreadcrumbList Dataset
https://warminboxes.com/leads/gutter-cleaning-guard-installation-united-states,lead list,Gutter Cleaning & Guard Installation - United States | Free Lead List,"Free download: Gutter Cleaning & Guard Installation - United States. 16,800 leads, emails not included so you enrich them yourself. Who this is for: field-ser",Home Services,16800,0,Organization BreadcrumbList Dataset
https://warminboxes.com/leads/hair-restoration-clinic,lead list,Hair Restoration Clinic | Free Lead List,"Free download: Hair Restoration Clinic. 457,000 leads, emails not included so you enrich them yourself. Who this is for: transplant equipment and graft suppli",Beauty,457000,0,Organization BreadcrumbList Dataset
https://warminboxes.com/leads/hair-salons,lead list,Hair Salons | Free Lead List,"Free download: Hair Salons. 174,200 leads, emails not included so you enrich them yourself. Who this is for: professional product distributors, booking and PO",Beauty,174200,0,Organization BreadcrumbList Dataset
https://warminboxes.com/leads/hawaii-facility-management-contacts-clay-2026,lead list,Hawaii Facility Management Contacts - Clay 2026 | Free Lead List,"Free download: Hawaii Facility Management Contacts - Clay 2026. 1,631 leads, emails not included so you enrich them yourself. Who this is for: commercial clea",Decision Makers,1631,0,Organization BreadcrumbList Dataset
https://warminboxes.com/leads/hawaii-sales-contacts-clay-2026,lead list,Hawaii Sales Contacts - Clay 2026 | Free Lead List,"Free download: Hawaii Sales Contacts - Clay 2026. 802 leads, emails not included so you enrich them yourself. Who this is for: CRM and sales tooling, outbound",Decision Makers,802,0,Organization BreadcrumbList Dataset
https://warminboxes.com/leads/health-all-storeleads-db-2026,lead list,Health All - Storeleads DB 2026 | Free Lead List,"Free download: Health All - Storeleads DB 2026. 166,400 leads with 111,000 verified emails. Who this is for: contract manufacturers and white label suppliers,",Ecommerce,166400,111000,Organization BreadcrumbList Dataset
https://warminboxes.com/leads/health-wellness-canada-clay-2026,lead list,Health & Wellness - Canada | Free Lead List,"Free download: Health & Wellness - Canada. 19,800 leads, emails not included so you enrich them yourself. Who this is for: booking and membership software, eq",Health & Wellness,19800,0,Organization BreadcrumbList Dataset
https://warminboxes.com/leads/health-wellness-united-kingdom-clay-2026,lead list,Health & Wellness - United Kingdom | Free Lead List,"Free download: Health & Wellness - United Kingdom. 85,500 leads, emails not included so you enrich them yourself. Who this is for: booking and membership plat",Health & Wellness,85500,0,Organization BreadcrumbList Dataset
https://warminboxes.com/leads/health-wellness-united-states-clay-2026,lead list,Health & Wellness - United States | Free Lead List,"Free download: Health & Wellness - United States. 190,200 leads, emails not included so you enrich them yourself. Who this is for: booking and membership soft",Health & Wellness,190200,0,Organization BreadcrumbList Dataset
https://warminboxes.com/leads/healthcare-medical-canada-2026,lead list,Healthcare & Medical - Canada | Free Lead List,"Free download: Healthcare & Medical - Canada. 45,700 leads, emails not included so you enrich them yourself. Who this is for: health software vendors, medical",Healthcare,45700,0,Organization BreadcrumbList Dataset
https://warminboxes.com/leads/healthcare-medical-united-kingdom-2026,lead list,Healthcare & Medical - United Kingdom | Free Lead List,"Free download: Healthcare & Medical - United Kingdom. 125,600 leads, emails not included so you enrich them yourself. Who this is for: health software vendors",Healthcare,125600,0,Organization BreadcrumbList Dataset
https://warminboxes.com/leads/healthcare-medical-united-states-2026,lead list,Healthcare & Medical - United States | Free Lead List,"Free download: Healthcare & Medical - United States. 947,500 leads, emails not included so you enrich them yourself. Who this is for: healthtech and EHR vendo",Healthcare,947500,0,Organization BreadcrumbList Dataset
https://warminboxes.com/leads/healthcare-wellness,lead list,Healthcare & Wellness | Free Lead List,"Free download: Healthcare & Wellness. 2,800 leads with 2,800 verified emails. Who this is for: practice software, medical and wellness suppliers, and patient-",Healthcare,2800,2800,Organization BreadcrumbList Dataset
https://warminboxes.com/leads/heritage-historic-inns-united-states,lead list,Heritage & Historic Inns - United States | Free Lead List,"Free download: Heritage & Historic Inns - United States. 1,800 leads, emails not included so you enrich them yourself. Who this is for: booking engines, chann",Hospitality,1800,0,Organization BreadcrumbList Dataset
https://warminboxes.com/leads/hobby-model-building-stores,lead list,Hobby & Model Building Stores | Free Lead List,"Free download: Hobby & Model Building Stores. 12,800 leads, emails not included so you enrich them yourself. Who this is for: distributors and kit manufacture",Retail,12800,0,Organization BreadcrumbList Dataset
https://warminboxes.com/leads/hobby-model-building-stores-united-states,lead list,Hobby & Model Building Stores - United States | Free Lead List,"Free download: Hobby & Model Building Stores - United States. 1,400 leads, emails not included so you enrich them yourself. Who this is for: distributors, POS",Retail,1400,0,Organization BreadcrumbList Dataset
https://warminboxes.com/leads/holydays-seasonal-all-storeleads-db-2026,lead list,Holydays & Seasonal All - Storeleads DB 2026 | Free Lead List,"Free download: Holydays & Seasonal All - Storeleads DB 2026. 9,700 leads with 4,800 verified emails. Who this is for: seasonal manufacturing and drop ship par",Ecommerce,9700,4800,Organization BreadcrumbList Dataset
https://warminboxes.com/leads/home-builders-united-states,lead list,Home Builders - United States | Free Lead List,"Free download: Home Builders - United States. 39,300 leads, emails not included so you enrich them yourself. Who this is for: construction and CRM software, m",Construction,39300,0,Organization BreadcrumbList Dataset
https://warminboxes.com/leads/home-decor-accent-boutiques-united-states,lead list,Home Decor & Accent Boutiques - United States | Free Lead List,"Free download: Home Decor & Accent Boutiques - United States. 280 leads, emails not included so you enrich them yourself. Who this is for: home goods brands,",Retail,280,0,Organization BreadcrumbList Dataset
https://warminboxes.com/leads/home-energy-audits-efficiency-upgrades-united-states,lead list,Home Energy Audits & Efficiency Upgrades - United States | Free Lead List,"Free download: Home Energy Audits & Efficiency Upgrades - United States. 1,000 leads, emails not included so you enrich them yourself. Who this is for: audit",Home Services,1000,0,Organization BreadcrumbList Dataset
https://warminboxes.com/leads/home-garden-all-storeleads-db-2026,lead list,Home & Garden All - Storeleads DB 2026 | Free Lead List,"Free download: Home & Garden All - Storeleads DB 2026. 282,300 leads with 180,000 verified emails. Who this is for: furniture and homeware manufacturers, over",Ecommerce,282300,180000,Organization BreadcrumbList Dataset
https://warminboxes.com/leads/home-health-care-agencies,lead list,Home Health Care Agencies | Free Lead List,"Free download: Home Health Care Agencies. 81,500 leads, emails not included so you enrich them yourself. Who this is for: care management and scheduling softw",Healthcare,81500,0,Organization BreadcrumbList Dataset
https://warminboxes.com/leads/home-inspectors-logistics-united-states,lead list,Home Inspectors & Logistics - United States | Free Lead List,"Free download: Home Inspectors & Logistics - United States. 300 leads, emails not included so you enrich them yourself. Who this is for: inspection software,",Home Services,300,0,Organization BreadcrumbList Dataset
https://warminboxes.com/leads/home-theater-av-setup-united-states,lead list,Home Theater & AV Setup - United States | Free Lead List,"Free download: Home Theater & AV Setup - United States. 300 leads, emails not included so you enrich them yourself. Who this is for: AV hardware distributors,",Home Services,300,0,Organization BreadcrumbList Dataset
https://warminboxes.com/leads/homeschool-co-ops-resource-centers-united-states,lead list,Homeschool Co-ops & Resource Centers - United States | Free Lead List,"Free download: Homeschool Co-ops & Resource Centers - United States. 190 leads, emails not included so you enrich them yourself. Who this is for: curriculum p",Education,190,0,Organization BreadcrumbList Dataset
https://warminboxes.com/leads/hospice-palliative-care-providers-united-states,lead list,Hospice & Palliative-Care Providers - United States | Free Lead List,"Free download: Hospice & Palliative-Care Providers - United States. 15,700 leads, emails not included so you enrich them yourself. Who this is for: EMR and co",Healthcare,15700,0,Organization BreadcrumbList Dataset
https://warminboxes.com/leads/hospitality-accommodation-canada,lead list,Hospitality & Accommodation - Canada | Free Lead List,"Free download: Hospitality & Accommodation - Canada. 11,100 leads, emails not included so you enrich them yourself. Who this is for: property management and b",Hospitality,11100,0,Organization BreadcrumbList Dataset
https://warminboxes.com/leads/hospitality-accommodation-united-kingdom,lead list,Hospitality & Accommodation - United Kingdom | Free Lead List,"Free download: Hospitality & Accommodation - United Kingdom. 51,600 leads, emails not included so you enrich them yourself. Who this is for: booking and PMS v",Hospitality,51600,0,Organization BreadcrumbList Dataset
https://warminboxes.com/leads/hospitality-accommodation-united-states,lead list,Hospitality & Accommodation - United States | Free Lead List,"Free download: Hospitality & Accommodation - United States. 117,300 leads, emails not included so you enrich them yourself. Who this is for: property manageme",Hospitality,117300,0,Organization BreadcrumbList Dataset
https://warminboxes.com/leads/hostels-backpacker-lodging,lead list,Hostels & Backpacker Lodging | Free Lead List,"Free download: Hostels & Backpacker Lodging. 19,800 leads, emails not included so you enrich them yourself. Who this is for: property management and booking s",Hospitality,19800,0,Organization BreadcrumbList Dataset
https://warminboxes.com/leads/hot-tub-sauna-installation-service,lead list,Hot Tub & Sauna Installation & Service | Free Lead List,"Free download: Hot Tub & Sauna Installation & Service. 67,600 leads, emails not included so you enrich them yourself. Who this is for: manufacturers and parts",Home Services,67600,0,Organization BreadcrumbList Dataset
https://warminboxes.com/leads/house-sitting-services-united-states,lead list,House Sitting Services - United States | Free Lead List,"Free download: House Sitting Services - United States. 52,000 leads, emails not included so you enrich them yourself. Who this is for: scheduling and marketpl",Home Services,52000,0,Organization BreadcrumbList Dataset
https://warminboxes.com/leads/houseboat-yacht-charters-united-states,lead list,Houseboat & Yacht Charters - United States | Free Lead List,"Free download: Houseboat & Yacht Charters - United States. 74,000 leads, emails not included so you enrich them yourself. Who this is for: booking platforms,",Travel & Tourism,74000,0,Organization BreadcrumbList Dataset
https://warminboxes.com/leads/hr-outsourcing-united-states,lead list,HR Outsourcing (PEO) - United States | Free Lead List,"Free download: HR Outsourcing (PEO) - United States. 8,300 leads, emails not included so you enrich them yourself. Who this is for: benefits carriers, HR tech",Business Services,8300,0,Organization BreadcrumbList Dataset
https://warminboxes.com/leads/hr-recruitment,lead list,HR & Recruitment | Free Lead List,"Free download: HR & Recruitment. 4,800 leads with 4,800 verified emails. Who this is for: ATS and sourcing software, job boards, background-check services, an",Recruitment,4800,4800,Organization BreadcrumbList Dataset
https://warminboxes.com/leads/hvac-canada,lead list,HVAC - Canada | Free Lead List,"Free download: HVAC - Canada. 17,500 leads with 5,600 verified emails. Who this is for: field-service software, payments, marketing, financing, and parts supp",HVAC,17500,5600,Organization BreadcrumbList Dataset
https://warminboxes.com/leads/hvac-united-states,lead list,HVAC - United States | Free Lead List,"Free download: HVAC - United States. 62,400 leads with 24,000 verified emails. Who this is for: field-service software, scheduling and payments, marketing and",HVAC,62400,24000,Organization BreadcrumbList Dataset
https://warminboxes.com/leads/hybrid-car-dealerships-united-states,lead list,Hybrid Car Dealerships - United States | Free Lead List,"Free download: Hybrid Car Dealerships - United States. 55,500 leads, emails not included so you enrich them yourself. Who this is for: inventory and DMS softw",Automotives,55500,0,Organization BreadcrumbList Dataset
https://warminboxes.com/leads/hyperbaric-oxygen-therapy-centers-united-states,lead list,Hyperbaric Oxygen Therapy Centers - United States | Free Lead List,"Free download: Hyperbaric Oxygen Therapy Centers - United States. 9,700 leads, emails not included so you enrich them yourself. Who this is for: chamber equip",Healthcare,9700,0,Organization BreadcrumbList Dataset
https://warminboxes.com/leads/ice-cream-gelato-shops-united-states,lead list,Ice Cream & Gelato Shops - United States | Free Lead List,"Free download: Ice Cream & Gelato Shops - United States. 31,800 leads, emails not included so you enrich them yourself. Who this is for: ingredient and equipm",Food & Beverage,31800,0,Organization BreadcrumbList Dataset
https://warminboxes.com/leads/ice-cream-shops,lead list,Ice Cream Shops | Free Lead List,"Free download: Ice Cream Shops. 57,400 leads, emails not included so you enrich them yourself. Who this is for: ingredient and equipment suppliers, freezer an",Food & Beverage,57400,0,Organization BreadcrumbList Dataset
https://warminboxes.com/leads/idaho-business-development-contacts-clay-2026,lead list,Idaho Business Development Contacts - Clay 2026 | Free Lead List,"Free download: Idaho Business Development Contacts - Clay 2026. 1,018 leads, emails not included so you enrich them yourself. Who this is for: partnership and",Decision Makers,1018,0,Organization BreadcrumbList Dataset
https://warminboxes.com/leads/idaho-facility-management-contacts-clay-2026,lead list,Idaho Facility Management Contacts - Clay 2026 | Free Lead List,"Free download: Idaho Facility Management Contacts - Clay 2026. 2,746 leads, emails not included so you enrich them yourself. Who this is for: commercial clean",Decision Makers,2746,0,Organization BreadcrumbList Dataset
https://warminboxes.com/leads/idaho-sales-contacts-clay-2026,lead list,Idaho Sales Contacts - Clay 2026 | Free Lead List,"Free download: Idaho Sales Contacts - Clay 2026. 1,275 leads, emails not included so you enrich them yourself. Who this is for: CRM and sales tooling, outboun",Decision Makers,1275,0,Organization BreadcrumbList Dataset
https://warminboxes.com/leads/illinois-business-development-contacts-clay-2026,lead list,Illinois Business Development Contacts - Clay 2026 | Free Lead List,"Free download: Illinois Business Development Contacts - Clay 2026. 6,200 leads, emails not included so you enrich them yourself. Who this is for: partnership",Decision Makers,6200,0,Organization BreadcrumbList Dataset
https://warminboxes.com/leads/illinois-facility-management-contacts-clay-2026,lead list,Illinois Facility Management Contacts - Clay 2026 | Free Lead List,"Free download: Illinois Facility Management Contacts - Clay 2026. 14,400 leads, emails not included so you enrich them yourself. Who this is for: commercial c",Decision Makers,14400,0,Organization BreadcrumbList Dataset
https://warminboxes.com/leads/illinois-owners-clay-2026,lead list,Illinois Owners - Clay 2026 | Free Lead List,"Free download: Illinois Owners - Clay 2026. 4,300 leads, emails not included so you enrich them yourself. Who this is for: business loans and financing, insur",Decision Makers,4300,0,Organization BreadcrumbList Dataset
https://warminboxes.com/leads/illinois-sales-contacts-clay-2026,lead list,Illinois Sales Contacts - Clay 2026 | Free Lead List,"Free download: Illinois Sales Contacts - Clay 2026. 7,300 leads, emails not included so you enrich them yourself. Who this is for: CRM and sales tooling, outb",Decision Makers,7300,0,Organization BreadcrumbList Dataset
https://warminboxes.com/leads/imaging-radiology-centers-united-states,lead list,"Imaging & Radiology Centers (MRI, CT) - United States | Free Lead List","Free download: Imaging & Radiology Centers (MRI, CT) - United States. 11,700 leads, emails not included so you enrich them yourself. Who this is for: imaging",Healthcare,11700,0,Organization BreadcrumbList Dataset
https://warminboxes.com/leads/india-all-clay-2026,lead list,India - All Industries - Clay 2026 | Free Lead List,"Free download: India - All Industries - Clay 2026. 2,436,700 leads, emails not included so you enrich them yourself. Who this is for: anyone selling software",Geo Leads,2436700,0,Organization BreadcrumbList Dataset
https://warminboxes.com/leads/indiana-business-development-contacts-clay-2026,lead list,Indiana Business Development Contacts - Clay 2026 | Free Lead List,"Free download: Indiana Business Development Contacts - Clay 2026. 2,924 leads, emails not included so you enrich them yourself. Who this is for: partnership a",Decision Makers,2924,0,Organization BreadcrumbList Dataset
https://warminboxes.com/leads/indiana-facility-management-contacts-clay-2026,lead list,Indiana Facility Management Contacts - Clay 2026 | Free Lead List,"Free download: Indiana Facility Management Contacts - Clay 2026. 14,100 leads, emails not included so you enrich them yourself. Who this is for: commercial cl",Decision Makers,14100,0,Organization BreadcrumbList Dataset
https://warminboxes.com/leads/indiana-owners-clay-2026,lead list,Indiana Owners - Clay 2026 | Free Lead List,"Free download: Indiana Owners - Clay 2026. 7,813 leads, emails not included so you enrich them yourself. Who this is for: business loans and financing, insura",Decision Makers,7813,0,Organization BreadcrumbList Dataset
https://warminboxes.com/leads/indiana-sales-contacts-clay-2026,lead list,Indiana Sales Contacts - Clay 2026 | Free Lead List,"Free download: Indiana Sales Contacts - Clay 2026. 3,447 leads, emails not included so you enrich them yourself. Who this is for: CRM and sales tooling, outbo",Decision Makers,3447,0,Organization BreadcrumbList Dataset
https://warminboxes.com/leads/industrial-equipment-machinery-canada,lead list,Industrial Equipment & Machinery - Canada | Free Lead List,"Free download: Industrial Equipment & Machinery - Canada. 12,900 leads, emails not included so you enrich them yourself. Who this is for: industrial software,",Manufacturing,12900,0,Organization BreadcrumbList Dataset
https://warminboxes.com/leads/industrial-equipment-machinery-united-kingdom,lead list,Industrial Equipment & Machinery - United Kingdom | Free Lead List,"Free download: Industrial Equipment & Machinery - United Kingdom. 70,100 leads, emails not included so you enrich them yourself. Who this is for: industrial s",Manufacturing,70100,0,Organization BreadcrumbList Dataset
https://warminboxes.com/leads/industrial-equipment-machinery-united-states,lead list,Industrial Equipment & Machinery - United States | Free Lead List,"Free download: Industrial Equipment & Machinery - United States. 102,100 leads, emails not included so you enrich them yourself. Who this is for: ERP and main",Manufacturing,102100,0,Organization BreadcrumbList Dataset
https://warminboxes.com/leads/industrial-manufacturing-logistics,lead list,"Industrial, Manufacturing & Logistics | Free Lead List","Free download: Industrial, Manufacturing & Logistics. 2,200 leads with 2,200 verified emails. Who this is for: equipment and component suppliers, ERP and logi",Manufacturing,2200,2200,Organization BreadcrumbList Dataset
https://warminboxes.com/leads/information-technology-services-canada-clay-2026,lead list,Information Technology & Services - Canada - Clay 2026 | Free Lead List,"Free download: Information Technology & Services - Canada - Clay 2026. 5,700 leads, emails not included so you enrich them yourself. Who this is for: software",IT Services,5700,0,Organization BreadcrumbList Dataset
https://warminboxes.com/leads/information-technology-services-uk-clay-2026,lead list,Information Technology & Services - UK - Clay 2026 | Free Lead List,"Free download: Information Technology & Services - UK - Clay 2026. 8,900 leads, emails not included so you enrich them yourself. Who this is for: software ven",IT Services,8900,0,Organization BreadcrumbList Dataset
https://warminboxes.com/leads/information-technology-services-us-clay-2026,lead list,Information Technology & Services - US - Clay 2026 | Free Lead List,"Free download: Information Technology & Services - US - Clay 2026. 42,500 leads, emails not included so you enrich them yourself. Who this is for: software ve",IT Services,42500,0,Organization BreadcrumbList Dataset
https://warminboxes.com/leads/insulation-contractors-united-states,lead list,"Insulation Contractors (Spray-Foam, Blown-In) - United States | Free Lead List","Free download: Insulation Contractors (Spray-Foam, Blown-In) - United States. 9,900 leads, emails not included so you enrich them yourself. Who this is for: m",Construction,9900,0,Organization BreadcrumbList Dataset
https://warminboxes.com/leads/insurance-canada-clay-2026,lead list,Insurance - Canada - Clay 2026 | Free Lead List,"Free download: Insurance - Canada - Clay 2026. 5,300 leads, emails not included so you enrich them yourself. Who this is for: vendors and agencies selling sof",Insurance,5300,0,Organization BreadcrumbList Dataset
https://warminboxes.com/leads/insurance-united-kingdom-clay-2026,lead list,Insurance - United Kingdom - Clay 2026 | Free Lead List,"Free download: Insurance - United Kingdom - Clay 2026. 19,800 leads, emails not included so you enrich them yourself. Who this is for: insurtech and software",Insurance,19800,0,Organization BreadcrumbList Dataset
https://warminboxes.com/leads/insurance-united-states-clay-2026,lead list,Insurance - United States - Clay 2026 | Free Lead List,"Free download: Insurance - United States - Clay 2026. 102,000 leads, emails not included so you enrich them yourself. Who this is for: insurtech vendors, agen",Insurance,102000,0,Organization BreadcrumbList Dataset
https://warminboxes.com/leads/interior-demolition-strip-out-united-states,lead list,Interior Demolition & Strip-Out - United States | Free Lead List,"Free download: Interior Demolition & Strip-Out - United States. 16,700 leads, emails not included so you enrich them yourself. Who this is for: contractor and",Construction,16700,0,Organization BreadcrumbList Dataset
https://warminboxes.com/leads/internal-medicine-clinics,lead list,Internal Medicine Clinics | Free Lead List,"Free download: Internal Medicine Clinics. 175,200 leads, emails not included so you enrich them yourself. Who this is for: EHR and scheduling platforms, billi",Healthcare,175200,0,Organization BreadcrumbList Dataset
https://warminboxes.com/leads/internet-all-storeleads-db-2026,lead list,Internet All - Storeleads DB 2026 | Free Lead List,"Free download: Internet All - Storeleads DB 2026. 108,000 leads with 38,000 verified emails. Who this is for: hosting and domain resellers, SaaS and API vendo",Ecommerce,108000,38000,Organization BreadcrumbList Dataset
https://warminboxes.com/leads/inventory-liquidators-united-states,lead list,Inventory Liquidators - United States | Free Lead List,"Free download: Inventory Liquidators - United States. 5,700 leads, emails not included so you enrich them yourself. Who this is for: auction platforms, logist",Business Services,5700,0,Organization BreadcrumbList Dataset
https://warminboxes.com/leads/investment-management-us-clay-2026,lead list,Investment Management - US - Clay 2026 | Free Lead List,"Free download: Investment Management - US - Clay 2026. 36,400 leads, emails not included so you enrich them yourself. Who this is for: portfolio and reporting",Investors,36400,0,Organization BreadcrumbList Dataset
https://warminboxes.com/leads/iowa-business-development-contacts-clay-2026,lead list,Iowa Business Development Contacts - Clay 2026 | Free Lead List,"Free download: Iowa Business Development Contacts - Clay 2026. 2,882 leads, emails not included so you enrich them yourself. Who this is for: partnership and",Decision Makers,2882,0,Organization BreadcrumbList Dataset
https://warminboxes.com/leads/iowa-facility-management-contacts-clay-2026,lead list,Iowa Facility Management Contacts - Clay 2026 | Free Lead List,"Free download: Iowa Facility Management Contacts - Clay 2026. 6,411 leads, emails not included so you enrich them yourself. Who this is for: commercial cleani",Decision Makers,6411,0,Organization BreadcrumbList Dataset
https://warminboxes.com/leads/iowa-sales-contacts-clay-2026,lead list,Iowa Sales Contacts - Clay 2026 | Free Lead List,"Free download: Iowa Sales Contacts - Clay 2026. 2,668 leads, emails not included so you enrich them yourself. Who this is for: CRM and sales tooling, outbound",Decision Makers,2668,0,Organization BreadcrumbList Dataset
https://warminboxes.com/leads/it-msps-united-states,lead list,IT Managed-Service Providers (MSPs) - United States | Free Lead List,"Free download: IT Managed-Service Providers (MSPs) - United States. 60,800 leads, emails not included so you enrich them yourself. Who this is for: RMM and PS",IT Services,60800,0,Organization BreadcrumbList Dataset
https://warminboxes.com/leads/italy-all-clay-2026,lead list,Italy - All Industries - Clay 2026 | Free Lead List,"Free download: Italy - All Industries - Clay 2026. 407,000 leads, emails not included so you enrich them yourself. Who this is for: anyone entering the Italia",Geo Leads,407000,0,Organization BreadcrumbList Dataset
https://warminboxes.com/leads/jewelry-stores-united-states,lead list,Jewelry Stores - United States | Free Lead List,"Free download: Jewelry Stores - United States. 59,400 leads, emails not included so you enrich them yourself. Who this is for: wholesale suppliers, POS and in",Retail,59400,0,Organization BreadcrumbList Dataset
https://warminboxes.com/leads/jobs-education-storeleads-db-2026,lead list,Jobs & Education - Storeleads DB 2026 | Free Lead List,"Free download: Jobs & Education - Storeleads DB 2026. 18,300 leads with 12,900 verified emails. Who this is for: LMS and course platforms, payment and financi",Ecommerce,18300,12900,Organization BreadcrumbList Dataset
https://warminboxes.com/leads/juice-shops-retail-focused,lead list,Juice Shops (retail-focused) | Free Lead List,"Free download: Juice Shops (retail-focused). 51,900 leads, emails not included so you enrich them yourself. Who this is for: produce and ingredient suppliers,",Food & Beverage,51900,0,Organization BreadcrumbList Dataset
https://warminboxes.com/leads/juice-smoothie-bars-united-states,lead list,Juice & Smoothie Bars - United States | Free Lead List,"Free download: Juice & Smoothie Bars - United States. 55,900 leads, emails not included so you enrich them yourself. Who this is for: ingredient suppliers, PO",Food & Beverage,55900,0,Organization BreadcrumbList Dataset
https://warminboxes.com/leads/junk-hoarding-cleanup-united-states,lead list,Junk & Hoarding Cleanup - United States | Free Lead List,"Free download: Junk & Hoarding Cleanup - United States. 6,600 leads, emails not included so you enrich them yourself. Who this is for: dispatch software, dump",Cleaning,6600,0,Organization BreadcrumbList Dataset
https://warminboxes.com/leads/kansas-business-development-contacts-clay-2026,lead list,Kansas Business Development Contacts - Clay 2026 | Free Lead List,"Free download: Kansas Business Development Contacts - Clay 2026. 2,293 leads, emails not included so you enrich them yourself. Who this is for: partnership an",Decision Makers,2293,0,Organization BreadcrumbList Dataset
https://warminboxes.com/leads/kansas-facility-management-contacts-clay-2026,lead list,Kansas Facility Management Contacts - Clay 2026 | Free Lead List,"Free download: Kansas Facility Management Contacts - Clay 2026. 5,601 leads, emails not included so you enrich them yourself. Who this is for: commercial clea",Decision Makers,5601,0,Organization BreadcrumbList Dataset
https://warminboxes.com/leads/kansas-sales-contacts-clay-2026,lead list,Kansas Sales Contacts - Clay 2026 | Free Lead List,"Free download: Kansas Sales Contacts - Clay 2026. 2,318 leads, emails not included so you enrich them yourself. Who this is for: CRM and sales tooling, outbou",Decision Makers,2318,0,Organization BreadcrumbList Dataset
https://warminboxes.com/leads/kentucky-business-development-contacts-clay-2026,lead list,Kentucky Business Development Contacts - Clay 2026 | Free Lead List,"Free download: Kentucky Business Development Contacts - Clay 2026. 2,262 leads, emails not included so you enrich them yourself. Who this is for: partnership",Decision Makers,2262,0,Organization BreadcrumbList Dataset
https://warminboxes.com/leads/kentucky-facility-management-contacts-clay-2026,lead list,Kentucky Facility Management Contacts - Clay 2026 | Free Lead List,"Free download: Kentucky Facility Management Contacts - Clay 2026. 5,129 leads, emails not included so you enrich them yourself. Who this is for: commercial cl",Decision Makers,5129,0,Organization BreadcrumbList Dataset
https://warminboxes.com/leads/kentucky-sales-contacts-clay-2026,lead list,Kentucky Sales Contacts - Clay 2026 | Free Lead List,"Free download: Kentucky Sales Contacts - Clay 2026. 1,913 leads, emails not included so you enrich them yourself. Who this is for: CRM and sales tooling, outb",Decision Makers,1913,0,Organization BreadcrumbList Dataset
https://warminboxes.com/leads/kitchen-remodeling,lead list,Kitchen Remodeling | Free Lead List,"Free download: Kitchen Remodeling. 108,700 leads, emails not included so you enrich them yourself. Who this is for: cabinet and countertop suppliers, design a",Construction,108700,0,Organization BreadcrumbList Dataset
https://warminboxes.com/leads/knife-cutlery-shops-united-states,lead list,Knife & Cutlery Shops - United States | Free Lead List,"Free download: Knife & Cutlery Shops - United States. 15,600 leads, emails not included so you enrich them yourself. Who this is for: blade brands and distrib",Retail,15600,0,Organization BreadcrumbList Dataset
https://warminboxes.com/leads/kombucha-breweries-united-states,lead list,Kombucha Breweries - United States | Free Lead List,"Free download: Kombucha Breweries - United States. 24,200 leads, emails not included so you enrich them yourself. Who this is for: ingredient suppliers, canni",Food & Beverage,24200,0,Organization BreadcrumbList Dataset
https://warminboxes.com/leads/kombucha-retailers,lead list,Kombucha Retailers | Free Lead List,"Free download: Kombucha Retailers. 52,300 leads, emails not included so you enrich them yourself. Who this is for: kombucha brewers and distributors, refriger",Food & Beverage,52300,0,Organization BreadcrumbList Dataset
https://warminboxes.com/leads/land-surveying-services,lead list,Land Surveying Services | Free Lead List,"Free download: Land Surveying Services. 14,900 leads, emails not included so you enrich them yourself. Who this is for: survey equipment and GPS vendors, GIS",Construction,14900,0,Organization BreadcrumbList Dataset
https://warminboxes.com/leads/landscape-construction-design-build-united-states,lead list,Landscape Construction & Design-Build - United States | Free Lead List,"Free download: Landscape Construction & Design-Build - United States. 45,600 leads, emails not included so you enrich them yourself. Who this is for: material",Construction,45600,0,Organization BreadcrumbList Dataset
https://warminboxes.com/leads/language-schools-esl-centers-united-states,lead list,Language Schools & ESL Centers - United States | Free Lead List,"Free download: Language Schools & ESL Centers - United States. 22,100 leads, emails not included so you enrich them yourself. Who this is for: enrollment plat",Education,22100,0,Organization BreadcrumbList Dataset
https://warminboxes.com/leads/laser-hair-removal-services-2026,lead list,Laser Hair Removal Services 2026 | Free Lead List,"Free download: Laser Hair Removal Services 2026. 586,000 leads, emails not included so you enrich them yourself. Who this is for: laser device manufacturers a",Beauty,586000,0,Organization BreadcrumbList Dataset
https://warminboxes.com/leads/lasik-eye-surgeon-2026,lead list,LASIK Eye Surgeon 2026 | Free Lead List,"Free download: LASIK Eye Surgeon 2026. 588,100 leads, emails not included so you enrich them yourself. Who this is for: laser and diagnostic equipment vendors",Healthcare,588100,0,Organization BreadcrumbList Dataset
https://warminboxes.com/leads/lasik-refractive-surgery-centers-united-states,lead list,LASIK & Refractive Surgery Centers - United States | Free Lead List,"Free download: LASIK & Refractive Surgery Centers - United States. 15,900 leads, emails not included so you enrich them yourself. Who this is for: ophthalmic",Healthcare,15900,0,Organization BreadcrumbList Dataset
https://warminboxes.com/leads/laundry-pickup-delivery-united-states,lead list,Laundry Pickup & Delivery - United States | Free Lead List,"Free download: Laundry Pickup & Delivery - United States. 56,600 leads, emails not included so you enrich them yourself. Who this is for: route software, laun",Home Services,56600,0,Organization BreadcrumbList Dataset
https://warminboxes.com/leads/lawyers-united-states,lead list,Lawyers - United States | Free Lead List,"Free download: Lawyers - United States. 117,000 leads, emails not included so you enrich them yourself. Who this is for: legal software and CRM vendors, billi",Legal Services,117000,0,Organization BreadcrumbList Dataset
https://warminboxes.com/leads/leadasbestos-abatement-contractors,lead list,LeadAsbestos Abatement Contractors | Free Lead List,"Free download: LeadAsbestos Abatement Contractors. 10,800 leads, emails not included so you enrich them yourself. Who this is for: PPE and containment supplie",Energy & Environmental,10800,0,Organization BreadcrumbList Dataset
https://warminboxes.com/leads/learning-disability-specialists,lead list,Learning-Disability Specialists | Free Lead List,"Free download: Learning-Disability Specialists. 38,900 leads, emails not included so you enrich them yourself. Who this is for: assessment and intervention so",Education,38900,0,Organization BreadcrumbList Dataset
https://warminboxes.com/leads/legal-security-canada-clay-2026,lead list,Legal & Security - Canada - Clay 2026 | Free Lead List,"Free download: Legal & Security - Canada - Clay 2026. 15,500 leads, emails not included so you enrich them yourself. Who this is for: practice management and",Legal Services,15500,0,Organization BreadcrumbList Dataset
https://warminboxes.com/leads/legal-security-uk-clay-2026,lead list,Legal & Security - Uk - Clay 2026 | Free Lead List,"Free download: Legal & Security - Uk - Clay 2026. 44,800 leads, emails not included so you enrich them yourself. Who this is for: practice management and case",Legal Services,44800,0,Organization BreadcrumbList Dataset
https://warminboxes.com/leads/legal-security-us-clay-2026,lead list,Legal & Security - US - Clay 2026 | Free Lead List,"Free download: Legal & Security - US - Clay 2026. 179,800 leads, emails not included so you enrich them yourself. Who this is for: practice management and cas",Legal Services,179800,0,Organization BreadcrumbList Dataset
https://warminboxes.com/leads/legal-services-storeleads-db-2026,lead list,Legal Services - Storeleads DB 2026 | Free Lead List,"Free download: Legal Services - Storeleads DB 2026. 10,000 leads with 5,700 verified emails. Who this is for: practice management and intake software, legal r",Ecommerce,10000,5700,Organization BreadcrumbList Dataset
https://warminboxes.com/leads/libraries-museums-all-storeleads-db-2026,lead list,Libraries & Museums All - Storeleads DB 2026 | Free Lead List,"Free download: Libraries & Museums All - Storeleads DB 2026. 2,500 leads with 2,000 verified emails. Who this is for: collection management and ticketing soft",Ecommerce,2500,2000,Organization BreadcrumbList Dataset
https://warminboxes.com/leads/life-executive-coaching,lead list,Life & Executive Coaching | Free Lead List,"Free download: Life & Executive Coaching. 28,800 leads, emails not included so you enrich them yourself. Who this is for: coaching and scheduling platforms, p",Consulting,28800,0,Organization BreadcrumbList Dataset
https://warminboxes.com/leads/limo-companies-united-states,lead list,Limo Companies - United States | Free Lead List,"Free download: Limo Companies - United States. 12,100 leads, emails not included so you enrich them yourself. Who this is for: dispatch and booking software,",Travel & Tourism,12100,0,Organization BreadcrumbList Dataset
https://warminboxes.com/leads/linkedin-group-owners-custom-scraped,lead list,LinkedIn Group Owners - Custom Scraped | Free Lead List,"Free download: LinkedIn Group Owners - Custom Scraped. 15,000 leads with 14,600 verified emails. Who this is for: anyone buying sponsorships or newsletter pla",Community Owners,15000,14600,Organization BreadcrumbList Dataset
https://warminboxes.com/leads/local-biz-canada,lead list,Local Biz - Canada | Free Lead List,"Free download: Local Biz - Canada. 38,500 leads with 13,600 verified emails. Who this is for: agencies, local SEO and ads services, booking and POS software,",Local Business,38500,13600,Organization BreadcrumbList Dataset
https://warminboxes.com/leads/local-biz-kentucky,lead list,Local Biz - Kentucky | Free Lead List,"Free download: Local Biz - Kentucky. 62,000 leads with 12,100 verified emails. Who this is for: agencies, local marketing services, booking and POS software,",Local Business,62000,12100,Organization BreadcrumbList Dataset
https://warminboxes.com/leads/local-biz-uk,lead list,Local Biz - UK | Free Lead List,"Free download: Local Biz - UK. 46,300 leads with 14,100 verified emails. Who this is for: agencies, local SEO and ads services, booking and POS software, and",Local Business,46300,14100,Organization BreadcrumbList Dataset
https://warminboxes.com/leads/local-business-arizona,lead list,Local Business - Arizona | Free Lead List,"Free download: Local Business - Arizona. 47,600 leads with 6,200 verified emails. Who this is for: agencies, local marketing services, booking and POS softwar",Local Business,47600,6200,Organization BreadcrumbList Dataset
https://warminboxes.com/leads/local-business-colorado,lead list,Local Business - Colorado | Free Lead List,"Free download: Local Business - Colorado. 9,600 leads with 9,600 verified emails. Who this is for: agencies, local marketing services, booking and POS softwar",Local Business,9600,9600,Organization BreadcrumbList Dataset
https://warminboxes.com/leads/local-business-georgia,lead list,Local Business - Georgia | Free Lead List,"Free download: Local Business - Georgia. 27,600 leads with 7,700 verified emails. Who this is for: agencies, local marketing services, booking and POS softwar",Local Business,27600,7700,Organization BreadcrumbList Dataset
https://warminboxes.com/leads/local-business-indiana,lead list,Local Business - Indiana | Free Lead List,"Free download: Local Business - Indiana. 19,200 leads with 6,700 verified emails. Who this is for: agencies, local marketing services, booking and POS softwar",Local Business,19200,6700,Organization BreadcrumbList Dataset
https://warminboxes.com/leads/local-business-minnesota,lead list,Local Business - Minnesota | Free Lead List,"Free download: Local Business - Minnesota. 147,700 leads with 36,600 verified emails. Who this is for: agencies, local marketing services, booking and POS sof",Local Business,147700,36600,Organization BreadcrumbList Dataset
https://warminboxes.com/leads/local-business-missouri,lead list,Local Business - Missouri | Free Lead List,"Free download: Local Business - Missouri. 41,728 leads with 5,197 verified emails. Who this is for: agencies, local marketing services, booking and POS softwa",Local Business,41728,5197,Organization BreadcrumbList Dataset
https://warminboxes.com/leads/local-business-new-jersey,lead list,Local Business - New Jersey | Free Lead List,"Free download: Local Business - New Jersey. 67,500 leads with 19,300 verified emails. Who this is for: agencies, local marketing services, booking and POS sof",Local Business,67500,19300,Organization BreadcrumbList Dataset
https://warminboxes.com/leads/local-business-new-york,lead list,Local Business - New York | Free Lead List,"Free download: Local Business - New York. 32,200 leads with 14,200 verified emails. Who this is for: agencies, local marketing services, booking and POS softw",Local Business,32200,14200,Organization BreadcrumbList Dataset
https://warminboxes.com/leads/local-business-pennsylvania,lead list,Local Business - Pennsylvania | Free Lead List,"Free download: Local Business - Pennsylvania. 75,000 leads with 34,800 verified emails. Who this is for: agencies, local marketing services, booking and POS s",Local Business,75000,34800,Organization BreadcrumbList Dataset
https://warminboxes.com/leads/local-business-texas,lead list,Local Business - Texas | Free Lead List,"Free download: Local Business - Texas. 2,400 leads with 2,400 verified emails. Who this is for: agencies, local marketing services, booking and POS software,",Local Business,2400,2400,Organization BreadcrumbList Dataset
https://warminboxes.com/leads/local-business-utah,lead list,Local Business - Utah | Free Lead List,"Free download: Local Business - Utah. 10,800 leads with 2,400 verified emails. Who this is for: agencies, local marketing services, booking and POS software,",Local Business,10800,2400,Organization BreadcrumbList Dataset
https://warminboxes.com/leads/local-businesses-california,lead list,Local Businesses - California | Free Lead List,"Free download: Local Businesses - California. 60,900 leads with 20,700 verified emails. Who this is for: agencies, local marketing services, booking and POS s",Local Business,60900,20700,Organization BreadcrumbList Dataset
https://warminboxes.com/leads/local-businesses-florida,lead list,Local Businesses - Florida | Free Lead List,"Free download: Local Businesses - Florida. 36,000 leads with 7,000 verified emails. Who this is for: agencies, local marketing services, booking and POS softw",Local Business,36000,7000,Organization BreadcrumbList Dataset
https://warminboxes.com/leads/locksmiths-united-states,lead list,Locksmiths - United States | Free Lead List,"Free download: Locksmiths - United States. 14,300 leads, emails not included so you enrich them yourself. Who this is for: hardware distributors, dispatch sof",Home Services,14300,0,Organization BreadcrumbList Dataset
https://warminboxes.com/leads/logistics,lead list,Logistics | Free Lead List,"Free download: Logistics. 193,600 leads, emails not included so you enrich them yourself. Who this is for: TMS and WMS software, freight brokers and carriers,",Logistics & Transport,193600,0,Organization BreadcrumbList Dataset
https://warminboxes.com/leads/louisiana-business-development-contacts-clay-2026,lead list,Louisiana Business Development Contacts - Clay 2026 | Free Lead List,"Free download: Louisiana Business Development Contacts - Clay 2026. 1,154 leads, emails not included so you enrich them yourself. Who this is for: partnership",Decision Makers,1154,0,Organization BreadcrumbList Dataset
https://warminboxes.com/leads/louisiana-facility-management-contacts-clay-2026,lead list,Louisiana Facility Management Contacts - Clay 2026 | Free Lead List,"Free download: Louisiana Facility Management Contacts - Clay 2026. 5,342 leads, emails not included so you enrich them yourself. Who this is for: commercial c",Decision Makers,5342,0,Organization BreadcrumbList Dataset
https://warminboxes.com/leads/louisiana-owners-clay-2026,lead list,Louisiana Owners - Clay 2026 | Free Lead List,"Free download: Louisiana Owners - Clay 2026. 2,865 leads, emails not included so you enrich them yourself. Who this is for: business loans and financing, insu",Decision Makers,2865,0,Organization BreadcrumbList Dataset
https://warminboxes.com/leads/louisiana-sales-contacts-clay-2026,lead list,Louisiana Sales Contacts - Clay 2026 | Free Lead List,"Free download: Louisiana Sales Contacts - Clay 2026. 1,323 leads, emails not included so you enrich them yourself. Who this is for: CRM and sales tooling, out",Decision Makers,1323,0,Organization BreadcrumbList Dataset
https://warminboxes.com/leads/luggage-travel-gear-shops,lead list,Luggage & Travel-Gear Shops | Free Lead List,"Free download: Luggage & Travel-Gear Shops. 85,400 leads, emails not included so you enrich them yourself. Who this is for: luggage brands and wholesalers, PO",Retail,85400,0,Organization BreadcrumbList Dataset
https://warminboxes.com/leads/luxury-car-dealerships,lead list,Luxury Car Dealerships | Free Lead List,"Free download: Luxury Car Dealerships. 77,600 leads, emails not included so you enrich them yourself. Who this is for: dealer management and CRM software, flo",Automotives,77600,0,Organization BreadcrumbList Dataset
https://warminboxes.com/leads/luxury-car-storage-facilities-united-states,lead list,Luxury Car Storage Facilities - United States | Free Lead List,"Free download: Luxury Car Storage Facilities - United States. 48,000 leads, emails not included so you enrich them yourself. Who this is for: security systems",Automotives,48000,0,Organization BreadcrumbList Dataset
https://warminboxes.com/leads/luxury-vehicle-chauffeur-services,lead list,Luxury Vehicle Chauffeur Services | Free Lead List,"Free download: Luxury Vehicle Chauffeur Services. 38,400 leads, emails not included so you enrich them yourself. Who this is for: booking and dispatch softwar",Logistics & Transport,38400,0,Organization BreadcrumbList Dataset
https://warminboxes.com/leads/luxury-villa-rentals-united-states,lead list,Luxury Villa Rentals - United States | Free Lead List,"Free download: Luxury Villa Rentals - United States. 78,200 leads, emails not included so you enrich them yourself. Who this is for: property management softw",Hospitality,78200,0,Organization BreadcrumbList Dataset
https://warminboxes.com/leads/maine-business-development-contacts-clay-2026,lead list,Maine Business Development Contacts - Clay 2026 | Free Lead List,"Free download: Maine Business Development Contacts - Clay 2026. 978 leads, emails not included so you enrich them yourself. Who this is for: partnership and c",Decision Makers,978,0,Organization BreadcrumbList Dataset
https://warminboxes.com/leads/maine-facility-management-contacts-clay-2026,lead list,Maine Facility Management Contacts - Clay 2026 | Free Lead List,"Free download: Maine Facility Management Contacts - Clay 2026. 2,313 leads, emails not included so you enrich them yourself. Who this is for: commercial clean",Decision Makers,2313,0,Organization BreadcrumbList Dataset
https://warminboxes.com/leads/maine-sales-contacts-clay-2026,lead list,Maine Sales Contacts - Clay 2026 | Free Lead List,"Free download: Maine Sales Contacts - Clay 2026. 815 leads, emails not included so you enrich them yourself. Who this is for: CRM and sales tooling, outbound",Decision Makers,815,0,Organization BreadcrumbList Dataset
https://warminboxes.com/leads/management-consulting-firms-2026,lead list,Management Consulting Firms 2026 | Free Lead List,"Free download: Management Consulting Firms 2026. 158,300 leads, emails not included so you enrich them yourself. Who this is for: research and data providers,",Consulting,158300,0,Organization BreadcrumbList Dataset
https://warminboxes.com/leads/manufacturing-canada-clay-2026,lead list,Manufacturing - Canada - Clay 2026 | Free Lead List,"Free download: Manufacturing - Canada - Clay 2026. 6,800 leads, emails not included so you enrich them yourself. Who this is for: industrial software, equipme",Manufacturing,6800,0,Organization BreadcrumbList Dataset
https://warminboxes.com/leads/manufacturing-united-kingdom-clay-2026,lead list,Manufacturing - United Kingdom - Clay 2026 | Free Lead List,"Free download: Manufacturing - United Kingdom - Clay 2026. 24,000 leads, emails not included so you enrich them yourself. Who this is for: industrial software",Manufacturing,24000,0,Organization BreadcrumbList Dataset
https://warminboxes.com/leads/manufacturing-united-states-clay-2026,lead list,Manufacturing - United States - Clay 2026 | Free Lead List,"Free download: Manufacturing - United States - Clay 2026. 33,000 leads, emails not included so you enrich them yourself. Who this is for: industrial software",Manufacturing,33000,0,Organization BreadcrumbList Dataset
https://warminboxes.com/leads/market-research-firms-united-states,lead list,Market Research Firms - United States | Free Lead List,"Free download: Market Research Firms - United States. 19,400 leads, emails not included so you enrich them yourself. Who this is for: research and survey soft",Marketing,19400,0,Organization BreadcrumbList Dataset
https://warminboxes.com/leads/marketing-advertising,lead list,Marketing & Advertising | Free Lead List,"Free download: Marketing & Advertising. 64,300 leads with 64,300 verified emails. Who this is for: martech platforms, white-label fulfillment, data providers,",Marketing,64300,64300,Organization BreadcrumbList Dataset
https://warminboxes.com/leads/marketing-agencies-united-states,lead list,Marketing Agencies - United States | Free Lead List,"Free download: Marketing Agencies - United States. 10,900 leads with 10,900 verified emails. Who this is for: tool vendors, white-label and fulfillment provid",Marketing,10900,10900,Organization BreadcrumbList Dataset
https://warminboxes.com/leads/marketing-agencies-us-fullpilot,lead list,Marketing Agencies - US (Fullpilot) | Free Lead List,"Free download: Marketing Agencies - US (Fullpilot). 23,000 leads with 16,300 verified emails. Who this is for: tool vendors selling into agencies, white-label",Marketing,23000,16300,Organization BreadcrumbList Dataset
https://warminboxes.com/leads/marketing-design-creative-canada,lead list,"Marketing, Design & Creative - Canada | Free Lead List","Free download: Marketing, Design & Creative - Canada. 24,200 leads, emails not included so you enrich them yourself. Who this is for: martech vendors, white-l",Marketing,24200,0,Organization BreadcrumbList Dataset
https://warminboxes.com/leads/marketing-design-creative-united-kingdom,lead list,"Marketing, Design & Creative - United Kingdom | Free Lead List","Free download: Marketing, Design & Creative - United Kingdom. 108,500 leads, emails not included so you enrich them yourself. Who this is for: martech vendors",Marketing,108500,0,Organization BreadcrumbList Dataset
https://warminboxes.com/leads/marketing-design-creative-united-states,lead list,"Marketing, Design & Creative - United States | Free Lead List","Free download: Marketing, Design & Creative - United States. 242,700 leads, emails not included so you enrich them yourself. Who this is for: SaaS vendors sel",Marketing,242700,0,Organization BreadcrumbList Dataset
https://warminboxes.com/leads/marketing-services-canada-clay-2026,lead list,Marketing Services - Canada - Clay 2026 | Free Lead List,"Free download: Marketing Services - Canada - Clay 2026. 10,200 leads, emails not included so you enrich them yourself. Who this is for: vendors, white-label p",Marketing,10200,0,Organization BreadcrumbList Dataset
https://warminboxes.com/leads/marketing-services-united-kingdom-clay-2026,lead list,Marketing Services - United Kingdom - Clay 2026 | Free Lead List,"Free download: Marketing Services - United Kingdom - Clay 2026. 21,500 leads, emails not included so you enrich them yourself. Who this is for: vendors and pa",Marketing,21500,0,Organization BreadcrumbList Dataset
https://warminboxes.com/leads/marketing-services-united-states-clay-2026,lead list,Marketing Services - United States - Clay 2026 | Free Lead List,"Free download: Marketing Services - United States - Clay 2026. 53,800 leads, emails not included so you enrich them yourself. Who this is for: tool vendors se",Marketing,53800,0,Organization BreadcrumbList Dataset
https://warminboxes.com/leads/martial-arts-academies-united-states,lead list,Martial-Arts Academies - United States | Free Lead List,"Free download: Martial-Arts Academies - United States. 18,600 leads, emails not included so you enrich them yourself. Who this is for: member management softw",Sports & Recreation,18600,0,Organization BreadcrumbList Dataset
https://warminboxes.com/leads/maryland-business-development-contacts-clay-2026,lead list,Maryland Business Development Contacts - Clay 2026 | Free Lead List,"Free download: Maryland Business Development Contacts - Clay 2026. 2,576 leads, emails not included so you enrich them yourself. Who this is for: partnership",Decision Makers,2576,0,Organization BreadcrumbList Dataset
https://warminboxes.com/leads/maryland-facility-management-contacts-clay-2026,lead list,Maryland Facility Management Contacts - Clay 2026 | Free Lead List,"Free download: Maryland Facility Management Contacts - Clay 2026. 6,044 leads, emails not included so you enrich them yourself. Who this is for: commercial cl",Decision Makers,6044,0,Organization BreadcrumbList Dataset
https://warminboxes.com/leads/maryland-owners-clay-2026,lead list,Maryland Owners - Clay 2026 | Free Lead List,"Free download: Maryland Owners - Clay 2026. 1,164 leads, emails not included so you enrich them yourself. Who this is for: business loans and financing, insur",Decision Makers,1164,0,Organization BreadcrumbList Dataset
https://warminboxes.com/leads/maryland-sales-contacts-clay-2026,lead list,Maryland Sales Contacts - Clay 2026 | Free Lead List,"Free download: Maryland Sales Contacts - Clay 2026. 2,304 leads, emails not included so you enrich them yourself. Who this is for: CRM and sales tooling, outb",Decision Makers,2304,0,Organization BreadcrumbList Dataset
https://warminboxes.com/leads/masonry-stonework-specialists-united-states,lead list,Masonry & Stonework Specialists - United States | Free Lead List,"Free download: Masonry & Stonework Specialists - United States. 10,000 leads, emails not included so you enrich them yourself. Who this is for: stone and mate",Construction,10000,0,Organization BreadcrumbList Dataset
https://warminboxes.com/leads/mass-merchants-department-stores-storeleads-db-2026,lead list,Mass Merchants & Department Stores - Storeleads DB 2026 | Free Lead List,"Free download: Mass Merchants & Department Stores - Storeleads DB 2026. 1,200 leads with 800 verified emails. Who this is for: wholesale and private label sup",Ecommerce,1200,800,Organization BreadcrumbList Dataset
https://warminboxes.com/leads/massachusetts-business-development-contacts-clay-2026,lead list,Massachusetts Business Development Contacts - Clay 2026 | Free Lead List,"Free download: Massachusetts Business Development Contacts - Clay 2026. 5,055 leads, emails not included so you enrich them yourself. Who this is for: partner",Decision Makers,5055,0,Organization BreadcrumbList Dataset
https://warminboxes.com/leads/massachusetts-facility-management-contacts-clay-2026,lead list,Massachusetts Facility Management Contacts - Clay 2026 | Free Lead List,"Free download: Massachusetts Facility Management Contacts - Clay 2026. 14,300 leads, emails not included so you enrich them yourself. Who this is for: commerc",Decision Makers,14300,0,Organization BreadcrumbList Dataset
https://warminboxes.com/leads/massachusetts-owners-clay-2026,lead list,Massachusetts Owners - Clay 2026 | Free Lead List,"Free download: Massachusetts Owners - Clay 2026. 3,197 leads, emails not included so you enrich them yourself. Who this is for: business loans and financing,",Decision Makers,3197,0,Organization BreadcrumbList Dataset
https://warminboxes.com/leads/massachusetts-sales-contacts-clay-2026,lead list,Massachusetts Sales Contacts - Clay 2026 | Free Lead List,"Free download: Massachusetts Sales Contacts - Clay 2026. 6,115 leads, emails not included so you enrich them yourself. Who this is for: CRM and sales tooling,",Decision Makers,6115,0,Organization BreadcrumbList Dataset
https://warminboxes.com/leads/massage-therapists-2026,lead list,Massage Therapists 2026 | Free Lead List,"Free download: Massage Therapists 2026. 115,900 leads, emails not included so you enrich them yourself. Who this is for: booking and CRM software, table and s",Beauty,115900,0,Organization BreadcrumbList Dataset
https://warminboxes.com/leads/mattress-bedding-stores-united-states,lead list,Mattress & Bedding Stores - United States | Free Lead List,"Free download: Mattress & Bedding Stores - United States. 14,400 leads, emails not included so you enrich them yourself. Who this is for: bedding brands, fina",Retail,14400,0,Organization BreadcrumbList Dataset
https://warminboxes.com/leads/mattress-cleaning-sanitizing-united-states,lead list,Mattress Cleaning & Sanitizing - United States | Free Lead List,"Free download: Mattress Cleaning & Sanitizing - United States. 16,800 leads, emails not included so you enrich them yourself. Who this is for: field-service s",Cleaning,16800,0,Organization BreadcrumbList Dataset
https://warminboxes.com/leads/meal-kit-providers-2026,lead list,Meal Kit Providers 2026 | Free Lead List,"Free download: Meal Kit Providers 2026. 110,700 leads, emails not included so you enrich them yourself. Who this is for: cold chain and fulfilment partners, i",Food & Beverage,110700,0,Organization BreadcrumbList Dataset
https://warminboxes.com/leads/media-and-publishing-canada-clay-2026,lead list,Media and Publishing - Canada - Clay 2026 | Free Lead List,"Free download: Media and Publishing - Canada - Clay 2026. 13,200 leads, emails not included so you enrich them yourself. Who this is for: print and distributi",Printing & Publishing,13200,0,Organization BreadcrumbList Dataset
https://warminboxes.com/leads/media-and-publishing-uk-clay-2026,lead list,Media and Publishing - UK - Clay 2026 | Free Lead List,"Free download: Media and Publishing - UK - Clay 2026. 45,200 leads, emails not included so you enrich them yourself. Who this is for: print and distribution p",Printing & Publishing,45200,0,Organization BreadcrumbList Dataset
https://warminboxes.com/leads/media-and-publishing-us-clay-2026,lead list,Media and Publishing - US - Clay 2026 | Free Lead List,"Free download: Media and Publishing - US - Clay 2026. 116,000 leads, emails not included so you enrich them yourself. Who this is for: print and distribution",Printing & Publishing,116000,0,Organization BreadcrumbList Dataset
https://warminboxes.com/leads/media-creative-events-entertainment,lead list,"Media, Creative, Events & Entertainment | Free Lead List","Free download: Media, Creative, Events & Entertainment. 5,500 leads with 5,500 verified emails. Who this is for: production tooling, booking and ticketing pla",Events & Entertainment,5500,5500,Organization BreadcrumbList Dataset
https://warminboxes.com/leads/mediation-arbitration-services-united-states,lead list,Mediation & Arbitration Services - United States | Free Lead List,"Free download: Mediation & Arbitration Services - United States. 16,500 leads, emails not included so you enrich them yourself. Who this is for: case manageme",Legal Services,16500,0,Organization BreadcrumbList Dataset
https://warminboxes.com/leads/medical-billing-coding-services-united-states,lead list,Medical Billing & Coding Services - United States | Free Lead List,"Free download: Medical Billing & Coding Services - United States. 14,200 leads, emails not included so you enrich them yourself. Who this is for: RCM software",Healthcare,14200,0,Organization BreadcrumbList Dataset
https://warminboxes.com/leads/medical-spas-2026-united-states,lead list,Medical Spas 2026 - United States | Free Lead List,"Free download: Medical Spas 2026 - United States. 69,800 leads, emails not included so you enrich them yourself. Who this is for: aesthetic devices, booking a",Healthcare,69800,0,Organization BreadcrumbList Dataset
https://warminboxes.com/leads/medical-spas-us,lead list,Medical Spas - US | Free Lead List,"Free download: Medical Spas - US. 17,000 leads with 17,000 verified emails. Who this is for: aesthetic device and product suppliers, booking and CRM software,",Local Business,17000,17000,Organization BreadcrumbList Dataset
https://warminboxes.com/leads/medspa-2026,lead list,Medspa 2026 | Free Lead List,"Free download: Medspa 2026. 83,400 leads, emails not included so you enrich them yourself. Who this is for: injectable and device suppliers, practice manageme",Beauty,83400,0,Organization BreadcrumbList Dataset
https://warminboxes.com/leads/mental-health-counselors-2026,lead list,Mental Health Counselors 2026 | Free Lead List,"Free download: Mental Health Counselors 2026. 139,700 leads, emails not included so you enrich them yourself. Who this is for: EHR and telehealth platforms, b",Healthcare,139700,0,Organization BreadcrumbList Dataset
https://warminboxes.com/leads/metal-roofing-specialists-united-states,lead list,Metal Roofing Specialists - United States | Free Lead List,"Free download: Metal Roofing Specialists - United States. 44,800 leads, emails not included so you enrich them yourself. Who this is for: metal panel manufact",Roofing,44800,0,Organization BreadcrumbList Dataset
https://warminboxes.com/leads/metals-materials-and-heavy-manufacturing-canada-clay-2026,lead list,Metals Materials and Heavy Manufacturing - Canada - Clay 2026 | Free Lead List,"Free download: Metals Materials and Heavy Manufacturing - Canada - Clay 2026. 5,500 leads, emails not included so you enrich them yourself. Who this is for: i",Manufacturing,5500,0,Organization BreadcrumbList Dataset
https://warminboxes.com/leads/metals-materials-and-heavy-manufacturing-uk-clay-2026,lead list,Metals Materials and Heavy Manufacturing - UK - Clay 2026 | Free Lead List,"Free download: Metals Materials and Heavy Manufacturing - UK - Clay 2026. 17,500 leads, emails not included so you enrich them yourself. Who this is for: indu",Manufacturing,17500,0,Organization BreadcrumbList Dataset
https://warminboxes.com/leads/metals-materials-and-heavy-manufacturing-us-clay-2026,lead list,Metals Materials and Heavy Manufacturing-US - Clay 2026 | Free Lead List,"Free download: Metals Materials and Heavy Manufacturing-US - Clay 2026. 45,600 leads, emails not included so you enrich them yourself. Who this is for: indust",Manufacturing,45600,0,Organization BreadcrumbList Dataset
https://warminboxes.com/leads/michigan-business-development-contacts-clay-2026,lead list,Michigan Business Development Contacts - Clay 2026 | Free Lead List,"Free download: Michigan Business Development Contacts - Clay 2026. 11,505 leads, emails not included so you enrich them yourself. Who this is for: partnership",Decision Makers,11505,0,Organization BreadcrumbList Dataset
https://warminboxes.com/leads/michigan-facility-management-contacts-clay-2026,lead list,Michigan Facility Management Contacts - Clay 2026 | Free Lead List,"Free download: Michigan Facility Management Contacts - Clay 2026. 17,500 leads, emails not included so you enrich them yourself. Who this is for: commercial c",Decision Makers,17500,0,Organization BreadcrumbList Dataset
https://warminboxes.com/leads/michigan-owners-clay-2026,lead list,Michigan Owners - Clay 2026 | Free Lead List,"Free download: Michigan Owners - Clay 2026. 2,406 leads, emails not included so you enrich them yourself. Who this is for: business loans and financing, insur",Decision Makers,2406,0,Organization BreadcrumbList Dataset
https://warminboxes.com/leads/michigan-sales-contacts-clay-2026,lead list,Michigan Sales Contacts - Clay 2026 | Free Lead List,"Free download: Michigan Sales Contacts - Clay 2026. 3,618 leads, emails not included so you enrich them yourself. Who this is for: CRM and sales tooling, outb",Decision Makers,3618,0,Organization BreadcrumbList Dataset
https://warminboxes.com/leads/micro-hotels-capsule-hotels,lead list,Micro-Hotels Capsule Hotels | Free Lead List,"Free download: Micro-Hotels Capsule Hotels. 28,000 leads, emails not included so you enrich them yourself. Who this is for: property management and booking sy",Hospitality,28000,0,Organization BreadcrumbList Dataset
https://warminboxes.com/leads/minnesota-business-development-contacts-clay-2026,lead list,Minnesota Business Development Contacts - Clay 2026 | Free Lead List,"Free download: Minnesota Business Development Contacts - Clay 2026. 3,126 leads, emails not included so you enrich them yourself. Who this is for: partnership",Decision Makers,3126,0,Organization BreadcrumbList Dataset
https://warminboxes.com/leads/minnesota-facility-management-contacts-clay-2026,lead list,Minnesota Facility Management Contacts - Clay 2026 | Free Lead List,"Free download: Minnesota Facility Management Contacts - Clay 2026. 16,400 leads, emails not included so you enrich them yourself. Who this is for: commercial",Decision Makers,16400,0,Organization BreadcrumbList Dataset
https://warminboxes.com/leads/minnesota-owners-clay-2026,lead list,Minnesota Owners - Clay 2026 | Free Lead List,"Free download: Minnesota Owners - Clay 2026. 9,564 leads, emails not included so you enrich them yourself. Who this is for: business loans and financing, insu",Decision Makers,9564,0,Organization BreadcrumbList Dataset
https://warminboxes.com/leads/minnesota-sales-contacts-clay-2026,lead list,Minnesota Sales Contacts - Clay 2026 | Free Lead List,"Free download: Minnesota Sales Contacts - Clay 2026. 3,775 leads, emails not included so you enrich them yourself. Who this is for: CRM and sales tooling, out",Decision Makers,3775,0,Organization BreadcrumbList Dataset
https://warminboxes.com/leads/mississippi-facility-management-contacts-clay-2026,lead list,Mississippi Facility Management Contacts - Clay 2026 | Free Lead List,"Free download: Mississippi Facility Management Contacts - Clay 2026. 2,592 leads, emails not included so you enrich them yourself. Who this is for: commercial",Decision Makers,2592,0,Organization BreadcrumbList Dataset
https://warminboxes.com/leads/mississippi-sales-contacts-clay-2026,lead list,Mississippi Sales Contacts - Clay 2026 | Free Lead List,"Free download: Mississippi Sales Contacts - Clay 2026. 933 leads, emails not included so you enrich them yourself. Who this is for: CRM and sales tooling, out",Decision Makers,933,0,Organization BreadcrumbList Dataset
https://warminboxes.com/leads/missouri-business-development-contacts-clay-2026,lead list,Missouri Business Development Contacts - Clay 2026 | Free Lead List,"Free download: Missouri Business Development Contacts - Clay 2026. 2,265 leads, emails not included so you enrich them yourself. Who this is for: partnership",Decision Makers,2265,0,Organization BreadcrumbList Dataset
https://warminboxes.com/leads/missouri-facility-management-contacts-clay-2026,lead list,Missouri Facility Management Contacts - Clay 2026 | Free Lead List,"Free download: Missouri Facility Management Contacts - Clay 2026. 10,211 leads, emails not included so you enrich them yourself. Who this is for: commercial c",Decision Makers,10211,0,Organization BreadcrumbList Dataset
https://warminboxes.com/leads/missouri-owners-clay-2026,lead list,Missouri Owners - Clay 2026 | Free Lead List,"Free download: Missouri Owners - Clay 2026. 5,307 leads, emails not included so you enrich them yourself. Who this is for: business loans and financing, insur",Decision Makers,5307,0,Organization BreadcrumbList Dataset
https://warminboxes.com/leads/missouri-sales-contacts-clay-2026,lead list,Missouri Sales Contacts - Clay 2026 | Free Lead List,"Free download: Missouri Sales Contacts - Clay 2026. 2,639 leads, emails not included so you enrich them yourself. Who this is for: CRM and sales tooling, outb",Decision Makers,2639,0,Organization BreadcrumbList Dataset
https://warminboxes.com/leads/mobile-app-testing-qa-labs-united-states,lead list,Mobile App Testing & QA Labs - United States | Free Lead List,"Free download: Mobile App Testing & QA Labs - United States. 16,000 leads, emails not included so you enrich them yourself. Who this is for: testing platforms",Software & Technology,16000,0,Organization BreadcrumbList Dataset
https://warminboxes.com/leads/mobile-beauty-services-2026,lead list,Mobile Beauty Services 2026 | Free Lead List,"Free download: Mobile Beauty Services 2026. 137,600 leads, emails not included so you enrich them yourself. Who this is for: booking and routing software, pro",Beauty,137600,0,Organization BreadcrumbList Dataset
https://warminboxes.com/leads/mobile-mechanics-united-states,lead list,Mobile Mechanics - United States | Free Lead List,"Free download: Mobile Mechanics - United States. 50,600 leads, emails not included so you enrich them yourself. Who this is for: parts delivery, dispatch and",Automotives,50600,0,Organization BreadcrumbList Dataset
https://warminboxes.com/leads/mobile-wood-fired-pizza-trailers-united-states,lead list,Mobile Wood-Fired Pizza Trailers - United States | Free Lead List,"Free download: Mobile Wood-Fired Pizza Trailers - United States. 5,800 leads, emails not included so you enrich them yourself. Who this is for: event booking",Food & Beverage,5800,0,Organization BreadcrumbList Dataset
https://warminboxes.com/leads/modular-prefab-home-builders-united-states,lead list,Modular & Prefab Home Builders - United States | Free Lead List,"Free download: Modular & Prefab Home Builders - United States. 15,000 leads, emails not included so you enrich them yourself. Who this is for: building system",Construction,15000,0,Organization BreadcrumbList Dataset
https://warminboxes.com/leads/montana-facility-management-contacts-clay-2026,lead list,Montana Facility Management Contacts - Clay 2026 | Free Lead List,"Free download: Montana Facility Management Contacts - Clay 2026. 1,781 leads, emails not included so you enrich them yourself. Who this is for: commercial cle",Decision Makers,1781,0,Organization BreadcrumbList Dataset
https://warminboxes.com/leads/motels-united-states,lead list,Motels - United States | Free Lead List,"Free download: Motels - United States. 57,000 leads, emails not included so you enrich them yourself. Who this is for: property management systems, OTA and ch",Hospitality,57000,0,Organization BreadcrumbList Dataset
https://warminboxes.com/leads/motor-vehicle-automotive-canada,lead list,Motor Vehicle & Automotive - Canada | Free Lead List,"Free download: Motor Vehicle & Automotive - Canada. 7,400 leads, emails not included so you enrich them yourself. Who this is for: dealer software, parts dist",Automotives,7400,0,Organization BreadcrumbList Dataset
https://warminboxes.com/leads/motor-vehicle-automotive-united-kingdom,lead list,Motor Vehicle & Automotive - United Kingdom | Free Lead List,"Free download: Motor Vehicle & Automotive - United Kingdom. 51,300 leads, emails not included so you enrich them yourself. Who this is for: DMS and workshop s",Automotives,51300,0,Organization BreadcrumbList Dataset
https://warminboxes.com/leads/motor-vehicle-automotive-united-states,lead list,Motor Vehicle & Automotive - United States | Free Lead List,"Free download: Motor Vehicle & Automotive - United States. 94,800 leads, emails not included so you enrich them yourself. Who this is for: dealer management a",Automotives,94800,0,Organization BreadcrumbList Dataset
https://warminboxes.com/leads/motorcycle-atv-repair-united-states,lead list,Motorcycle & ATV Repair - United States | Free Lead List,"Free download: Motorcycle & ATV Repair - United States. 25,800 leads, emails not included so you enrich them yourself. Who this is for: parts distributors, sh",Automotives,25800,0,Organization BreadcrumbList Dataset
https://warminboxes.com/leads/mountain-ski-lodges-united-states,lead list,Mountain & Ski Lodges - United States | Free Lead List,"Free download: Mountain & Ski Lodges - United States. 13,500 leads, emails not included so you enrich them yourself. Who this is for: booking engines, channel",Hospitality,13500,0,Organization BreadcrumbList Dataset
https://warminboxes.com/leads/moving-companies-united-states,lead list,Moving Companies - United States | Free Lead List,"Free download: Moving Companies - United States. 57,400 leads, emails not included so you enrich them yourself. Who this is for: dispatch and quoting software",Home Services,57400,0,Organization BreadcrumbList Dataset
https://warminboxes.com/leads/moving-in-moving-out-cleaning,lead list,Moving In Moving Out Cleaning | Free Lead List,"Free download: Moving In Moving Out Cleaning. 80,700 leads, emails not included so you enrich them yourself. Who this is for: scheduling and dispatch software",Cleaning,80700,0,Organization BreadcrumbList Dataset
https://warminboxes.com/leads/music-production-dj-schools-united-states,lead list,Music Production & DJ Schools - United States | Free Lead List,"Free download: Music Production & DJ Schools - United States. 15,400 leads, emails not included so you enrich them yourself. Who this is for: audio software a",Education,15400,0,Organization BreadcrumbList Dataset
https://warminboxes.com/leads/music-schools-united-states,lead list,Music Schools - United States | Free Lead List,"Free download: Music Schools - United States. 39,100 leads, emails not included so you enrich them yourself. Who this is for: lesson scheduling software, inst",Education,39100,0,Organization BreadcrumbList Dataset
https://warminboxes.com/leads/musical-instrument-dealers-united-states,lead list,Musical Instrument Dealers - United States | Free Lead List,"Free download: Musical Instrument Dealers - United States. 18,800 leads, emails not included so you enrich them yourself. Who this is for: instrument brands a",Retail,18800,0,Organization BreadcrumbList Dataset
https://warminboxes.com/leads/nail-salons-united-states,lead list,Nail Salons - United States | Free Lead List,"Free download: Nail Salons - United States. 97,000 leads, emails not included so you enrich them yourself. Who this is for: booking software, product supplier",Beauty,97000,0,Organization BreadcrumbList Dataset
https://warminboxes.com/leads/naturopathic-physicians-united-states,lead list,Naturopathic Physicians - United States | Free Lead List,"Free download: Naturopathic Physicians - United States. 45,100 leads, emails not included so you enrich them yourself. Who this is for: supplement lines, prac",Healthcare,45100,0,Organization BreadcrumbList Dataset
https://warminboxes.com/leads/nebraska-business-development-contacts-clay-2026,lead list,Nebraska Business Development Contacts - Clay 2026 | Free Lead List,"Free download: Nebraska Business Development Contacts - Clay 2026. 1,809 leads, emails not included so you enrich them yourself. Who this is for: partnership",Decision Makers,1809,0,Organization BreadcrumbList Dataset
https://warminboxes.com/leads/nebraska-facility-management-contacts-clay-2026,lead list,Nebraska Facility Management Contacts - Clay 2026 | Free Lead List,"Free download: Nebraska Facility Management Contacts - Clay 2026. 5,089 leads, emails not included so you enrich them yourself. Who this is for: commercial cl",Decision Makers,5089,0,Organization BreadcrumbList Dataset
https://warminboxes.com/leads/nebraska-owners-clay-2026,lead list,Nebraska Owners - Clay 2026 | Free Lead List,"Free download: Nebraska Owners - Clay 2026. 1,432 leads, emails not included so you enrich them yourself. Who this is for: business loans and financing, insur",Decision Makers,1432,0,Organization BreadcrumbList Dataset
https://warminboxes.com/leads/nebraska-sales-contacts-clay-2026,lead list,Nebraska Sales Contacts - Clay 2026 | Free Lead List,"Free download: Nebraska Sales Contacts - Clay 2026. 1,864 leads, emails not included so you enrich them yourself. Who this is for: CRM and sales tooling, outb",Decision Makers,1864,0,Organization BreadcrumbList Dataset
https://warminboxes.com/leads/netherlands-all-clay-2026,lead list,Netherlands - All Industries - Clay 2026 | Free Lead List,"Free download: Netherlands - All Industries - Clay 2026. 712,300 leads, emails not included so you enrich them yourself. Who this is for: anyone selling into",Geo Leads,712300,0,Organization BreadcrumbList Dataset
https://warminboxes.com/leads/neurology-groups-united-states,lead list,Neurology Groups - United States | Free Lead List,"Free download: Neurology Groups - United States. 26,200 leads, emails not included so you enrich them yourself. Who this is for: diagnostics, EMR and billing",Healthcare,26200,0,Organization BreadcrumbList Dataset
https://warminboxes.com/leads/nevada-business-development-contacts-clay-2026,lead list,Nevada Business Development Contacts - Clay 2026 | Free Lead List,"Free download: Nevada Business Development Contacts - Clay 2026. 1,423 leads, emails not included so you enrich them yourself. Who this is for: partnership an",Decision Makers,1423,0,Organization BreadcrumbList Dataset
https://warminboxes.com/leads/nevada-facility-management-contacts-clay-2026,lead list,Nevada Facility Management Contacts - Clay 2026 | Free Lead List,"Free download: Nevada Facility Management Contacts - Clay 2026. 4,786 leads, emails not included so you enrich them yourself. Who this is for: commercial clea",Decision Makers,4786,0,Organization BreadcrumbList Dataset
https://warminboxes.com/leads/nevada-sales-contacts-clay-2026,lead list,Nevada Sales Contacts - Clay 2026 | Free Lead List,"Free download: Nevada Sales Contacts - Clay 2026. 2,988 leads, emails not included so you enrich them yourself. Who this is for: CRM and sales tooling, outbou",Decision Makers,2988,0,Organization BreadcrumbList Dataset
https://warminboxes.com/leads/new-hampshire-facility-management-contacts-clay-2026,lead list,New Hampshire Facility Management Contacts - Clay 2026 | Free Lead List,"Free download: New Hampshire Facility Management Contacts - Clay 2026. 1,812 leads, emails not included so you enrich them yourself. Who this is for: commerci",Decision Makers,1812,0,Organization BreadcrumbList Dataset
https://warminboxes.com/leads/new-hampshire-sales-contacts-clay-2026,lead list,New Hampshire Sales Contacts - Clay 2026 | Free Lead List,"Free download: New Hampshire Sales Contacts - Clay 2026. 852 leads, emails not included so you enrich them yourself. Who this is for: CRM and sales tooling, o",Decision Makers,852,0,Organization BreadcrumbList Dataset
https://warminboxes.com/leads/new-jersey-business-development-contacts-clay-2026,lead list,New Jersey Business Development Contacts - Clay 2026 | Free Lead List,"Free download: New Jersey Business Development Contacts - Clay 2026. 8,744 leads, emails not included so you enrich them yourself. Who this is for: partnershi",Decision Makers,8744,0,Organization BreadcrumbList Dataset
https://warminboxes.com/leads/new-jersey-facility-management-contacts-clay-2026,lead list,New Jersey Facility Management Contacts - Clay 2026 | Free Lead List,"Free download: New Jersey Facility Management Contacts - Clay 2026. 12,500 leads, emails not included so you enrich them yourself. Who this is for: commercial",Decision Makers,12500,0,Organization BreadcrumbList Dataset
https://warminboxes.com/leads/new-jersey-owners-clay-2026,lead list,New Jersey Owners - Clay 2026 | Free Lead List,"Free download: New Jersey Owners - Clay 2026. 1,327 leads, emails not included so you enrich them yourself. Who this is for: business loans and financing, ins",Decision Makers,1327,0,Organization BreadcrumbList Dataset
https://warminboxes.com/leads/new-jersey-sales-contacts-clay-2026,lead list,New Jersey Sales Contacts - Clay 2026 | Free Lead List,"Free download: New Jersey Sales Contacts - Clay 2026. 2,511 leads, emails not included so you enrich them yourself. Who this is for: CRM and sales tooling, ou",Decision Makers,2511,0,Organization BreadcrumbList Dataset
https://warminboxes.com/leads/new-mexico-facility-management-contacts-clay-2026,lead list,New Mexico Facility Management Contacts - Clay 2026 | Free Lead List,"Free download: New Mexico Facility Management Contacts - Clay 2026. 1,590 leads, emails not included so you enrich them yourself. Who this is for: commercial",Decision Makers,1590,0,Organization BreadcrumbList Dataset
https://warminboxes.com/leads/new-york-business-development-contacts-clay-2026,lead list,New York Business Development Contacts - Clay 2026 | Free Lead List,"Free download: New York Business Development Contacts - Clay 2026. 13,800 leads, emails not included so you enrich them yourself. Who this is for: partnership",Decision Makers,13800,0,Organization BreadcrumbList Dataset
https://warminboxes.com/leads/new-york-facility-management-contacts-clay-2026,lead list,New York Facility Management Contacts - Clay 2026 | Free Lead List,"Free download: New York Facility Management Contacts - Clay 2026. 15,500 leads, emails not included so you enrich them yourself. Who this is for: commercial c",Decision Makers,15500,0,Organization BreadcrumbList Dataset
https://warminboxes.com/leads/new-york-non-big-buildings-clay-2026,lead list,New York Businesses (Non Big Buildings) - Clay 2026 | Free Lead List,"Free download: New York Businesses (Non Big Buildings) - Clay 2026. 507,000 leads, emails not included so you enrich them yourself. Who this is for: SaaS vend",Geo Leads,507000,0,Organization BreadcrumbList Dataset
https://warminboxes.com/leads/new-york-owners-clay-2026,lead list,New York Owners - Clay 2026 | Free Lead List,"Free download: New York Owners - Clay 2026. 8,200 leads, emails not included so you enrich them yourself. Who this is for: business loans and financing, insur",Decision Makers,8200,0,Organization BreadcrumbList Dataset
https://warminboxes.com/leads/new-york-sales-contacts-clay-2026,lead list,New York Sales Contacts - Clay 2026 | Free Lead List,"Free download: New York Sales Contacts - Clay 2026. 11,500 leads, emails not included so you enrich them yourself. Who this is for: CRM and sales tooling, out",Decision Makers,11500,0,Organization BreadcrumbList Dataset
https://warminboxes.com/leads/new-zealand-all-clay-2026,lead list,New Zealand - All Industries - Clay 2026 | Free Lead List,"Free download: New Zealand - All Industries - Clay 2026. 104,500 leads, emails not included so you enrich them yourself. Who this is for: anyone selling into",Geo Leads,104500,0,Organization BreadcrumbList Dataset
https://warminboxes.com/leads/non-alcoholic-beverage-shops-2026,lead list,Non-Alcoholic Beverage Shops 2026 | Free Lead List,"Free download: Non-Alcoholic Beverage Shops 2026. 99,000 leads, emails not included so you enrich them yourself. Who this is for: NA brands seeking distributi",Food & Beverage,99000,0,Organization BreadcrumbList Dataset
https://warminboxes.com/leads/non-profits-us-emails-phones,lead list,Non Profits - US - Emails + Phones | Free Lead List,"Free download: Non Profits - US - Emails + Phones. 15,000 leads with 15,000 verified emails. Who this is for: vendors selling to nonprofits, including fundrai",Local Business,15000,15000,Organization BreadcrumbList Dataset
https://warminboxes.com/leads/noodles-ramen-house,lead list,Noodles & Ramen House | Free Lead List,"Free download: Noodles & Ramen House. 40,600 leads, emails not included so you enrich them yourself. Who this is for: ingredient and specialty importers, POS",Food & Beverage,40600,0,Organization BreadcrumbList Dataset
https://warminboxes.com/leads/north-carolina-business-development-contacts-clay-2026,lead list,North Carolina Business Development Contacts - Clay 2026 | Free Lead List,"Free download: North Carolina Business Development Contacts - Clay 2026. 3,700 leads, emails not included so you enrich them yourself. Who this is for: partne",Decision Makers,3700,0,Organization BreadcrumbList Dataset
https://warminboxes.com/leads/north-carolina-facility-management-contacts-clay-2026,lead list,North Carolina Facility Management Contacts - Clay 2026 | Free Lead List,"Free download: North Carolina Facility Management Contacts - Clay 2026. 4,000 leads, emails not included so you enrich them yourself. Who this is for: commerc",Decision Makers,4000,0,Organization BreadcrumbList Dataset
https://warminboxes.com/leads/north-carolina-owners-clay-2026,lead list,North Carolina Owners - Clay 2026 | Free Lead List,"Free download: North Carolina Owners - Clay 2026. 2,800 leads, emails not included so you enrich them yourself. Who this is for: business loans and financing,",Decision Makers,2800,0,Organization BreadcrumbList Dataset
https://warminboxes.com/leads/north-carolina-sales-contacts-clay-2026,lead list,North Carolina Sales Contacts - Clay 2026 | Free Lead List,"Free download: North Carolina Sales Contacts - Clay 2026. 3,200 leads, emails not included so you enrich them yourself. Who this is for: CRM and sales tooling",Decision Makers,3200,0,Organization BreadcrumbList Dataset
https://warminboxes.com/leads/north-dakota-facility-management-contacts-clay-2026,lead list,North Dakota Facility Management Contacts - Clay 2026 | Free Lead List,"Free download: North Dakota Facility Management Contacts - Clay 2026. 1,089 leads, emails not included so you enrich them yourself. Who this is for: commercia",Decision Makers,1089,0,Organization BreadcrumbList Dataset
https://warminboxes.com/leads/norway-all-clay-2026,lead list,Norway - All Industries - Clay 2026 | Free Lead List,"Free download: Norway - All Industries - Clay 2026. 529,800 leads, emails not included so you enrich them yourself. Who this is for: anyone entering the Norwe",Geo Leads,529800,0,Organization BreadcrumbList Dataset
https://warminboxes.com/leads/notary-services-united-states,lead list,Notary Services - United States | Free Lead List,"Free download: Notary Services - United States. 43,500 leads, emails not included so you enrich them yourself. Who this is for: scheduling and payments softwa",Legal Services,43500,0,Organization BreadcrumbList Dataset
https://warminboxes.com/leads/nursing-home-2026,lead list,Nursing Home 2026 | Free Lead List,"Free download: Nursing Home 2026. 270,300 leads, emails not included so you enrich them yourself. Who this is for: care management and compliance software, st",Healthcare,270300,0,Organization BreadcrumbList Dataset
https://warminboxes.com/leads/nutritionists-dietitians-2026,lead list,Nutritionists & Dietitians 2026 | Free Lead List,"Free download: Nutritionists & Dietitians 2026. 41,800 leads, emails not included so you enrich them yourself. Who this is for: practice management and telehe",Healthcare,41800,0,Organization BreadcrumbList Dataset
https://warminboxes.com/leads/ob-gyn-practices-united-states,lead list,OB-GYN Practices - United States | Free Lead List,"Free download: OB-GYN Practices - United States. 52,600 leads, emails not included so you enrich them yourself. Who this is for: medical devices, EMR and bill",Healthcare,52600,0,Organization BreadcrumbList Dataset
https://warminboxes.com/leads/occupational-therapy-practices-2026,lead list,Occupational Therapy Practices 2026 | Free Lead List,"Free download: Occupational Therapy Practices 2026. 34,100 leads, emails not included so you enrich them yourself. Who this is for: EHR and scheduling platfor",Healthcare,34100,0,Organization BreadcrumbList Dataset
https://warminboxes.com/leads/off-road-4x4-fabrication-shops-united-states,lead list,Off-Road 4x4 Fabrication Shops - United States | Free Lead List,"Free download: Off-Road 4x4 Fabrication Shops - United States. 56,800 leads, emails not included so you enrich them yourself. Who this is for: parts manufactu",Automotives,56800,0,Organization BreadcrumbList Dataset
https://warminboxes.com/leads/office-supply-stores-united-states,lead list,Office Supply Stores - United States | Free Lead List,"Free download: Office Supply Stores - United States. 34,300 leads, emails not included so you enrich them yourself. Who this is for: wholesale distributors, B",Retail,34300,0,Organization BreadcrumbList Dataset
https://warminboxes.com/leads/ohio-business-development-contacts-clay-2026,lead list,Ohio Business Development Contacts - Clay 2026 | Free Lead List,"Free download: Ohio Business Development Contacts - Clay 2026. 3,919 leads, emails not included so you enrich them yourself. Who this is for: partnership and",Decision Makers,3919,0,Organization BreadcrumbList Dataset
https://warminboxes.com/leads/ohio-facility-management-contacts-clay-2026,lead list,Ohio Facility Management Contacts - Clay 2026 | Free Lead List,"Free download: Ohio Facility Management Contacts - Clay 2026. 13,700 leads, emails not included so you enrich them yourself. Who this is for: commercial clean",Decision Makers,13700,0,Organization BreadcrumbList Dataset
https://warminboxes.com/leads/ohio-owners-clay-2026,lead list,Ohio Owners - Clay 2026 | Free Lead List,"Free download: Ohio Owners - Clay 2026. 3,043 leads, emails not included so you enrich them yourself. Who this is for: business loans and financing, insurance",Decision Makers,3043,0,Organization BreadcrumbList Dataset
https://warminboxes.com/leads/ohio-sales-contacts-clay-2026,lead list,Ohio Sales Contacts - Clay 2026 | Free Lead List,"Free download: Ohio Sales Contacts - Clay 2026. 6,801 leads, emails not included so you enrich them yourself. Who this is for: CRM and sales tooling, outbound",Decision Makers,6801,0,Organization BreadcrumbList Dataset
https://warminboxes.com/leads/oil-gas-mining-canada,lead list,Oil and Gas and Mining - Canada | Free Lead List,"Free download: Oil and Gas and Mining - Canada. 7,100 leads, emails not included so you enrich them yourself. Who this is for: field services and equipment ve",Energy & Environmental,7100,0,Organization BreadcrumbList Dataset
https://warminboxes.com/leads/oil-gas-mining-united-kingdom,lead list,Oil and Gas and Mining - United Kingdom | Free Lead List,"Free download: Oil and Gas and Mining - United Kingdom. 14,100 leads, emails not included so you enrich them yourself. Who this is for: energy services and eq",Energy & Environmental,14100,0,Organization BreadcrumbList Dataset
https://warminboxes.com/leads/oil-gas-mining-united-states,lead list,Oil and Gas and Mining - United States | Free Lead List,"Free download: Oil and Gas and Mining - United States. 47,400 leads, emails not included so you enrich them yourself. Who this is for: industrial equipment an",Energy & Environmental,47400,0,Organization BreadcrumbList Dataset
https://warminboxes.com/leads/oklahoma-business-development-contacts-clay-2026,lead list,Oklahoma Business Development Contacts - Clay 2026 | Free Lead List,"Free download: Oklahoma Business Development Contacts - Clay 2026. 991 leads, emails not included so you enrich them yourself. Who this is for: partnership an",Decision Makers,991,0,Organization BreadcrumbList Dataset
https://warminboxes.com/leads/oklahoma-facility-management-contacts-clay-2026,lead list,Oklahoma Facility Management Contacts - Clay 2026 | Free Lead List,"Free download: Oklahoma Facility Management Contacts - Clay 2026. 3,740 leads, emails not included so you enrich them yourself. Who this is for: commercial cl",Decision Makers,3740,0,Organization BreadcrumbList Dataset
https://warminboxes.com/leads/oklahoma-sales-contacts-clay-2026,lead list,Oklahoma Sales Contacts - Clay 2026 | Free Lead List,"Free download: Oklahoma Sales Contacts - Clay 2026. 1,792 leads, emails not included so you enrich them yourself. Who this is for: CRM and sales tooling, outb",Decision Makers,1792,0,Organization BreadcrumbList Dataset
https://warminboxes.com/leads/oncology-practices-2026,lead list,Oncology Practices 2026 | Free Lead List,"Free download: Oncology Practices 2026. 39,700 leads, emails not included so you enrich them yourself. Who this is for: oncology EHR and imaging vendors, phar",Healthcare,39700,0,Organization BreadcrumbList Dataset
https://warminboxes.com/leads/online-course-providers-platforms-united-states,lead list,Online Course Providers & Platforms - United States | Free Lead List,"Free download: Online Course Providers & Platforms - United States. 34,600 leads, emails not included so you enrich them yourself. Who this is for: course pla",Education,34600,0,Organization BreadcrumbList Dataset
https://warminboxes.com/leads/optometrist-2026,lead list,Optometrist 2026 | Free Lead List,"Free download: Optometrist 2026. 66,800 leads, emails not included so you enrich them yourself. Who this is for: frame and lens suppliers, optical equipment v",Healthcare,66800,0,Organization BreadcrumbList Dataset
https://warminboxes.com/leads/oral-surgeon,lead list,Oral Surgeon | Free Lead List,"Free download: Oral Surgeon. 708,000 leads, emails not included so you enrich them yourself. Who this is for: surgical equipment and implant suppliers, practi",Healthcare,708000,0,Organization BreadcrumbList Dataset
https://warminboxes.com/leads/oregon-facility-management-contacts-clay-2026,lead list,Oregon Facility Management Contacts - Clay 2026 | Free Lead List,"Free download: Oregon Facility Management Contacts - Clay 2026. 4,647 leads, emails not included so you enrich them yourself. Who this is for: commercial clea",Decision Makers,4647,0,Organization BreadcrumbList Dataset
https://warminboxes.com/leads/oregon-owners-clay-2026,lead list,Oregon Owners - Clay 2026 | Free Lead List,"Free download: Oregon Owners - Clay 2026. 1,136 leads, emails not included so you enrich them yourself. Who this is for: business loans and financing, insuran",Decision Makers,1136,0,Organization BreadcrumbList Dataset
https://warminboxes.com/leads/oregon-sales-contacts-clay-2026,lead list,Oregon Sales Contacts - Clay 2026 | Free Lead List,"Free download: Oregon Sales Contacts - Clay 2026. 3,246 leads, emails not included so you enrich them yourself. Who this is for: CRM and sales tooling, outbou",Decision Makers,3246,0,Organization BreadcrumbList Dataset
https://warminboxes.com/leads/organic-food-stores-2026,lead list,Organic Food Stores 2026 | Free Lead List,"Free download: Organic Food Stores 2026. 98,300 leads, emails not included so you enrich them yourself. Who this is for: organic wholesalers and certifiers, P",Food & Beverage,98300,0,Organization BreadcrumbList Dataset
https://warminboxes.com/leads/orthodontists-2026,lead list,Orthodontists 2026 | Free Lead List,"Free download: Orthodontists 2026. 46,000 leads, emails not included so you enrich them yourself. Who this is for: aligner and bracket suppliers, imaging and",Healthcare,46000,0,Organization BreadcrumbList Dataset
https://warminboxes.com/leads/outdoor-camping-gear-stores-united-states,lead list,Outdoor & Camping Gear Stores - United States | Free Lead List,"Free download: Outdoor & Camping Gear Stores - United States. 23,100 leads, emails not included so you enrich them yourself. Who this is for: gear brands and",Retail,23100,0,Organization BreadcrumbList Dataset
https://warminboxes.com/leads/outdoor-kitchen-hardscape-builders-united-states,lead list,Outdoor Kitchen & Hardscape Builders - United States | Free Lead List,"Free download: Outdoor Kitchen & Hardscape Builders - United States. 36,600 leads, emails not included so you enrich them yourself. Who this is for: stone and",Construction,36600,0,Organization BreadcrumbList Dataset
https://warminboxes.com/leads/outdoor-lighting-designs-install-2026,lead list,Outdoor Lighting Designs & install 2026 | Free Lead List,"Free download: Outdoor Lighting Designs & install 2026. 124,200 leads, emails not included so you enrich them yourself. Who this is for: fixture and control s",Construction,124200,0,Organization BreadcrumbList Dataset
https://warminboxes.com/leads/pain-management-clinics,lead list,Pain-Management Clinics | Free Lead List,"Free download: Pain-Management Clinics. 59,500 leads, emails not included so you enrich them yourself. Who this is for: EHR and billing platforms, medical dev",Healthcare,59500,0,Organization BreadcrumbList Dataset
https://warminboxes.com/leads/painters-united-states,lead list,Painters - United States | Free Lead List,"Free download: Painters - United States. 58,400 leads, emails not included so you enrich them yourself. Who this is for: paint and coating suppliers, estimati",Home Services,58400,0,Organization BreadcrumbList Dataset
https://warminboxes.com/leads/painting-contractor,lead list,Painting Contractor | Free Lead List,"Free download: Painting Contractor. 505,000 leads, emails not included so you enrich them yourself. Who this is for: paint and coatings distributors, estimati",Home Services,505000,0,Organization BreadcrumbList Dataset
https://warminboxes.com/leads/painting-contractor-business-development-contacts,lead list,Painting Contractor Business Development Contacts | Free Lead List,"Free download: Painting Contractor Business Development Contacts. 1,321 leads, emails not included so you enrich them yourself. Who this is for: commercial ch",Home Services,1321,0,Organization BreadcrumbList Dataset
https://warminboxes.com/leads/painting-contractor-owners,lead list,Painting Contractor Owners | Free Lead List,"Free download: Painting Contractor Owners. 4,199 leads with 783 verified emails. Who this is for: paint and coatings suppliers, estimating software, financing",Home Services,4199,783,Organization BreadcrumbList Dataset
https://warminboxes.com/leads/painting-contractor-sales-contacts,lead list,Painting Contractor Sales Contacts | Free Lead List,"Free download: Painting Contractor Sales Contacts. 4,665 leads, emails not included so you enrich them yourself. Who this is for: estimating and quoting softw",Home Services,4665,0,Organization BreadcrumbList Dataset
https://warminboxes.com/leads/painting-contractors-full-database,lead list,Painting Contractors - Full Database | Free Lead List,"Free download: Painting Contractors - Full Database. 33,504 leads with 783 verified emails. Who this is for: paint and coatings suppliers, estimating and CRM",Home Services,33504,783,Organization BreadcrumbList Dataset
https://warminboxes.com/leads/paintless-dent-repair-service,lead list,Paintless Dent Repair Service | Free Lead List,"Free download: Paintless Dent Repair Service. 253,000 leads, emails not included so you enrich them yourself. Who this is for: tool and equipment suppliers, m",Automotives,253000,0,Organization BreadcrumbList Dataset
https://warminboxes.com/leads/party-event-rentals-tents-tables-united-states,lead list,"Party & Event Rentals (tents, tables) - United States | Free Lead List","Free download: Party & Event Rentals (tents, tables) - United States. 13,500 leads, emails not included so you enrich them yourself. Who this is for: rental m",Events & Entertainment,13500,0,Organization BreadcrumbList Dataset
https://warminboxes.com/leads/party-supply-stores,lead list,Party-Supply Stores | Free Lead List,"Free download: Party-Supply Stores. 67,200 leads, emails not included so you enrich them yourself. Who this is for: wholesale and seasonal suppliers, POS and",Retail,67200,0,Organization BreadcrumbList Dataset
https://warminboxes.com/leads/passport-visa-expedite-services-united-states,lead list,Passport & Visa Expedite Services - United States | Free Lead List,"Free download: Passport & Visa Expedite Services - United States. 9,900 leads, emails not included so you enrich them yourself. Who this is for: document mana",Travel & Tourism,9900,0,Organization BreadcrumbList Dataset
https://warminboxes.com/leads/patent-intellectual-property-agents-united-states,lead list,Patent & Intellectual-Property Agents - United States | Free Lead List,"Free download: Patent & Intellectual-Property Agents - United States. 12,200 leads, emails not included so you enrich them yourself. Who this is for: legal re",Legal Services,12200,0,Organization BreadcrumbList Dataset
https://warminboxes.com/leads/payroll-service-providers-united-states,lead list,Payroll Service Providers - United States | Free Lead List,"Free download: Payroll Service Providers - United States. 27,600 leads, emails not included so you enrich them yourself. Who this is for: HR and fintech vendo",Financial Services,27600,0,Organization BreadcrumbList Dataset
https://warminboxes.com/leads/pediatric-clinics-united-states,lead list,Pediatric Clinics - United States | Free Lead List,"Free download: Pediatric Clinics - United States. 73,400 leads, emails not included so you enrich them yourself. Who this is for: EMR and practice software, m",Healthcare,73400,0,Organization BreadcrumbList Dataset
https://warminboxes.com/leads/pennsylvania-business-development-contacts-clay-2026,lead list,Pennsylvania Business Development Contacts - Clay 2026 | Free Lead List,"Free download: Pennsylvania Business Development Contacts - Clay 2026. 8,800 leads, emails not included so you enrich them yourself. Who this is for: partners",Decision Makers,8800,0,Organization BreadcrumbList Dataset
https://warminboxes.com/leads/pennsylvania-facility-management-contacts-clay-2026,lead list,Pennsylvania Facility Management Contacts - Clay 2026 | Free Lead List,"Free download: Pennsylvania Facility Management Contacts - Clay 2026. 34,400 leads, emails not included so you enrich them yourself. Who this is for: commerci",Decision Makers,34400,0,Organization BreadcrumbList Dataset
https://warminboxes.com/leads/pennsylvania-owners-clay-2026,lead list,Pennsylvania Owners - Clay 2026 | Free Lead List,"Free download: Pennsylvania Owners - Clay 2026. 14,000 leads, emails not included so you enrich them yourself. Who this is for: business loans and financing,",Decision Makers,14000,0,Organization BreadcrumbList Dataset
https://warminboxes.com/leads/pennsylvania-sales-contacts-clay-2026,lead list,Pennsylvania Sales Contacts - Clay 2026 | Free Lead List,"Free download: Pennsylvania Sales Contacts - Clay 2026. 17,600 leads, emails not included so you enrich them yourself. Who this is for: CRM and sales tooling,",Decision Makers,17600,0,Organization BreadcrumbList Dataset
https://warminboxes.com/leads/people-society-all-storeleads-db-2026,lead list,People & Society All - Storeleads DB 2026 | Free Lead List,"Free download: People & Society All - Storeleads DB 2026. 96,400 leads with 66,000 verified emails. Who this is for: membership and donation platforms, commun",Ecommerce,96400,66000,Organization BreadcrumbList Dataset
https://warminboxes.com/leads/performance-tuning-dyno-shops-united-states,lead list,Performance Tuning & Dyno Shops - United States | Free Lead List,"Free download: Performance Tuning & Dyno Shops - United States. 20,100 leads, emails not included so you enrich them yourself. Who this is for: parts and tuni",Automotives,20100,0,Organization BreadcrumbList Dataset
https://warminboxes.com/leads/pergola-gazebo-installers-united-states,lead list,Pergola & Gazebo Installers - United States | Free Lead List,"Free download: Pergola & Gazebo Installers - United States. 18,400 leads, emails not included so you enrich them yourself. Who this is for: building material",Construction,18400,0,Organization BreadcrumbList Dataset
https://warminboxes.com/leads/periodontist,lead list,Periodontist | Free Lead List,"Free download: Periodontist. 627,500 leads, emails not included so you enrich them yourself. Who this is for: dental equipment and implant suppliers, practice",Healthcare,627500,0,Organization BreadcrumbList Dataset
https://warminboxes.com/leads/personal-chefs-meal-planning,lead list,Personal Chefs & Meal-Planning | Free Lead List,"Free download: Personal Chefs & Meal-Planning. 135,300 leads, emails not included so you enrich them yourself. Who this is for: ingredient and delivery partne",Food & Beverage,135300,0,Organization BreadcrumbList Dataset
https://warminboxes.com/leads/personal-household-services-canada-clay-2026,lead list,Personal & Household Services - Canada - Clay 2026 | Free Lead List,"Free download: Personal & Household Services - Canada - Clay 2026. 30,000 leads, emails not included so you enrich them yourself. Who this is for: booking and",Personal Services,30000,0,Organization BreadcrumbList Dataset
https://warminboxes.com/leads/personal-household-services-uk-clay-2026,lead list,Personal & Household Services - UK - Clay 2026 | Free Lead List,"Free download: Personal & Household Services - UK - Clay 2026. 1,300 leads, emails not included so you enrich them yourself. Who this is for: booking and sche",Personal Services,1300,0,Organization BreadcrumbList Dataset
https://warminboxes.com/leads/personal-household-services-us-clay-2026,lead list,Personal & Household Services - US - Clay 2026 | Free Lead List,"Free download: Personal & Household Services - US - Clay 2026. 20,900 leads, emails not included so you enrich them yourself. Who this is for: booking and sch",Personal Services,20900,0,Organization BreadcrumbList Dataset
https://warminboxes.com/leads/personal-storage-pods,lead list,Personal Storage Pods | Free Lead List,"Free download: Personal Storage Pods. 44,400 leads, emails not included so you enrich them yourself. Who this is for: container manufacturers and haulage part",Property Management,44400,0,Organization BreadcrumbList Dataset
https://warminboxes.com/leads/personal-stylists-image-consultants,lead list,Personal Stylists & Image Consultants | Free Lead List,"Free download: Personal Stylists & Image Consultants. 127,700 leads, emails not included so you enrich them yourself. Who this is for: booking and CRM softwar",Personal Services,127700,0,Organization BreadcrumbList Dataset
https://warminboxes.com/leads/personal-tech-support-tutoring-united-states,lead list,Personal Tech Support & Tutoring - United States | Free Lead List,"Free download: Personal Tech Support & Tutoring - United States. 63,100 leads, emails not included so you enrich them yourself. Who this is for: RMM and ticke",IT Services,63100,0,Organization BreadcrumbList Dataset
https://warminboxes.com/leads/personal-trainers-fitness-coaching,lead list,Personal Trainers & Fitness Coaching | Free Lead List,"Free download: Personal Trainers & Fitness Coaching. 150,200 leads, emails not included so you enrich them yourself. Who this is for: coaching and membership",Health & Wellness,150200,0,Organization BreadcrumbList Dataset
https://warminboxes.com/leads/personal-travel-planning-luxury-concierge-united-states,lead list,Personal Travel Planning & Luxury Concierge - United States | Free Lead List,"Free download: Personal Travel Planning & Luxury Concierge - United States. 11,400 leads, emails not included so you enrich them yourself. Who this is for: bo",Travel & Tourism,11400,0,Organization BreadcrumbList Dataset
https://warminboxes.com/leads/pest-control-united-states,lead list,Pest Control - United States | Free Lead List,"Free download: Pest Control - United States. 22,700 leads, emails not included so you enrich them yourself. Who this is for: route and dispatch software, chem",Home Services,22700,0,Organization BreadcrumbList Dataset
https://warminboxes.com/leads/pet-boutique-specialty-foods-united-states,lead list,Pet Boutique & Specialty Foods - United States | Free Lead List,"Free download: Pet Boutique & Specialty Foods - United States. 56,700 leads, emails not included so you enrich them yourself. Who this is for: premium pet bra",Retail,56700,0,Organization BreadcrumbList Dataset
https://warminboxes.com/leads/pet-stores-united-states,lead list,Pet Stores - United States | Free Lead List,"Free download: Pet Stores - United States. 53,500 leads, emails not included so you enrich them yourself. Who this is for: pet product brands and distributors",Retail,53500,0,Organization BreadcrumbList Dataset
https://warminboxes.com/leads/pet-training,lead list,Pet Training | Free Lead List,"Free download: Pet Training. 120,300 leads, emails not included so you enrich them yourself. Who this is for: booking and client management software, equipmen",Pet Services,120300,0,Organization BreadcrumbList Dataset
https://warminboxes.com/leads/pet-veterinary-services-canada-clay-2026,lead list,Pet Veterinary Services - Canada- Clay 2026 | Free Lead List,"Free download: Pet Veterinary Services - Canada- Clay 2026. 2,400 leads, emails not included so you enrich them yourself. Who this is for: practice management",Pet Services,2400,0,Organization BreadcrumbList Dataset
https://warminboxes.com/leads/pet-veterinary-services-uk-clay-2026,lead list,Pet Veterinary Services - UK- Clay 2026 | Free Lead List,"Free download: Pet Veterinary Services - UK- Clay 2026. 8,000 leads, emails not included so you enrich them yourself. Who this is for: practice management sof",Pet Services,8000,0,Organization BreadcrumbList Dataset
https://warminboxes.com/leads/pet-veterinary-services-us-clay-2026,lead list,Pet Veterinary Services - US- Clay 2026 | Free Lead List,"Free download: Pet Veterinary Services - US- Clay 2026. 35,300 leads, emails not included so you enrich them yourself. Who this is for: practice management so",Pet Services,35300,0,Organization BreadcrumbList Dataset
https://warminboxes.com/leads/pets-animals-all-storeleads-db-2026,lead list,Pets & Animals All - Storeleads DB 2026 | Free Lead List,"Free download: Pets & Animals All - Storeleads DB 2026. 88,200 leads with 42,500 verified emails. Who this is for: pet food and supply manufacturers, subscrip",Ecommerce,88200,42500,Organization BreadcrumbList Dataset
https://warminboxes.com/leads/pharmacies-united-states,lead list,Pharmacies - United States | Free Lead List,"Free download: Pharmacies - United States. 71,600 leads, emails not included so you enrich them yourself. Who this is for: pharmacy management systems, wholes",Healthcare,71600,0,Organization BreadcrumbList Dataset
https://warminboxes.com/leads/photos-videos-services-storeleads-db-2026,lead list,Photos & Videos Services - Storeleads DB 2026 | Free Lead List,"Free download: Photos & Videos Services - Storeleads DB 2026. 11,500 leads with 6,000 verified emails. Who this is for: camera and lighting distributors, edit",Ecommerce,11500,6000,Organization BreadcrumbList Dataset
https://warminboxes.com/leads/physical-therapy-clinic-2026,lead list,Physical Therapy Clinic 2026 | Free Lead List,"Free download: Physical Therapy Clinic 2026. 778,000 leads, emails not included so you enrich them yourself. Who this is for: EHR and scheduling platforms, me",Healthcare,778000,0,Organization BreadcrumbList Dataset
https://warminboxes.com/leads/pilates-studios-united-states,lead list,Pilates Studios - United States | Free Lead List,"Free download: Pilates Studios - United States. 19,100 leads, emails not included so you enrich them yourself. Who this is for: booking and membership softwar",Health & Wellness,19100,0,Organization BreadcrumbList Dataset
https://warminboxes.com/leads/pizzerias-united-states,lead list,Pizzerias - United States | Free Lead List,"Free download: Pizzerias - United States. 76,300 leads, emails not included so you enrich them yourself. Who this is for: food distributors, POS and delivery",Food & Beverage,76300,0,Organization BreadcrumbList Dataset
https://warminboxes.com/leads/plastic-surgery-united-states,lead list,Plastic Surgery - United States | Free Lead List,"Free download: Plastic Surgery - United States. 53,200 leads, emails not included so you enrich them yourself. Who this is for: practice software, medical dev",Healthcare,53200,0,Organization BreadcrumbList Dataset
https://warminboxes.com/leads/plumbers-united-states,lead list,Plumbers - United States | Free Lead List,"Free download: Plumbers - United States. 39,200 leads, emails not included so you enrich them yourself. Who this is for: parts and fixture suppliers, dispatch",Home Services,39200,0,Organization BreadcrumbList Dataset
https://warminboxes.com/leads/podiatrists-united-states,lead list,Podiatrists - United States | Free Lead List,"Free download: Podiatrists - United States. 30,300 leads, emails not included so you enrich them yourself. Who this is for: EMR and practice software, medical",Healthcare,30300,0,Organization BreadcrumbList Dataset
https://warminboxes.com/leads/pool-contractor-united-states,lead list,Pool Contractor - United States | Free Lead List,"Free download: Pool Contractor - United States. 2,500 leads, emails not included so you enrich them yourself. Who this is for: pool equipment and chemical sup",Construction,2500,0,Organization BreadcrumbList Dataset
https://warminboxes.com/leads/pool-services-united-states,lead list,Pool Services - United States | Free Lead List,"Free download: Pool Services - United States. 36,800 leads, emails not included so you enrich them yourself. Who this is for: route and billing software, chem",Home Services,36800,0,Organization BreadcrumbList Dataset
https://warminboxes.com/leads/pool-spa-supply-stores-united-states,lead list,Pool & Spa Supply Stores - United States | Free Lead List,"Free download: Pool & Spa Supply Stores - United States. 15,000 leads, emails not included so you enrich them yourself. Who this is for: chemical and equipmen",Retail,15000,0,Organization BreadcrumbList Dataset
https://warminboxes.com/leads/pop-up-seasonal-retail-united-states,lead list,Pop-Up Seasonal Retail - United States | Free Lead List,"Free download: Pop-Up Seasonal Retail - United States. 60,900 leads, emails not included so you enrich them yourself. Who this is for: POS and inventory softw",Retail,60900,0,Organization BreadcrumbList Dataset
https://warminboxes.com/leads/pre-purchase-car-inspection-services-united-states,lead list,Pre-Purchase Car Inspection Services - United States | Free Lead List,"Free download: Pre-Purchase Car Inspection Services - United States. 56,100 leads, emails not included so you enrich them yourself. Who this is for: inspectio",Automotives,56100,0,Organization BreadcrumbList Dataset
https://warminboxes.com/leads/preschools-united-states,lead list,Preschools - United States | Free Lead List,"Free download: Preschools - United States. 86,900 leads, emails not included so you enrich them yourself. Who this is for: enrollment and childcare management",Education,86900,0,Organization BreadcrumbList Dataset
https://warminboxes.com/leads/pressure-power-washing-united-states,lead list,Pressure/Power Washing - United States | Free Lead List,"Free download: Pressure/Power Washing - United States. 27,600 leads, emails not included so you enrich them yourself. Who this is for: equipment and chemical",Cleaning,27600,0,Organization BreadcrumbList Dataset
https://warminboxes.com/leads/printing-services-united-states,lead list,Printing Services - United States | Free Lead List,"Free download: Printing Services - United States. 77,000 leads, emails not included so you enrich them yourself. Who this is for: print-MIS and workflow softw",Printing & Publishing,77000,0,Organization BreadcrumbList Dataset
https://warminboxes.com/leads/property-construction-home-services,lead list,"Property, Construction & Home Services | Free Lead List","Free download: Property, Construction & Home Services. 3,300 leads with 3,300 verified emails. Who this is for: building material suppliers, estimating and di",Construction,3300,3300,Organization BreadcrumbList Dataset
https://warminboxes.com/leads/property-management-canada,lead list,Property Management - Canada | Free Lead List,"Free download: Property Management - Canada. 1,000 leads with 600 verified emails. Who this is for: proptech software, maintenance and cleaning services, insu",Property Management,1000,600,Organization BreadcrumbList Dataset
https://warminboxes.com/leads/property-management-florida,lead list,Property Management - Florida | Free Lead List,"Free download: Property Management - Florida. 750 leads with 750 verified emails. Who this is for: proptech software, maintenance and cleaning services, insur",Property Management,750,750,Organization BreadcrumbList Dataset
https://warminboxes.com/leads/property-management-minnesota,lead list,Property Management - Minnesota | Free Lead List,"Free download: Property Management - Minnesota. 1,100 leads with 500 verified emails. Who this is for: proptech software, maintenance and cleaning services, i",Property Management,1100,500,Organization BreadcrumbList Dataset
https://warminboxes.com/leads/property-management-pennsylvania,lead list,Property Management - Pennsylvania | Free Lead List,"Free download: Property Management - Pennsylvania. 3,800 leads with 1,300 verified emails. Who this is for: proptech software, maintenance and cleaning servic",Property Management,3800,1300,Organization BreadcrumbList Dataset
https://warminboxes.com/leads/property-management-united-states,lead list,Property Management - United States | Free Lead List,"Free download: Property Management - United States. 56,700 leads, emails not included so you enrich them yourself. Who this is for: property-management and ac",Property Management,56700,0,Organization BreadcrumbList Dataset
https://warminboxes.com/leads/prosthetics-orthotics-providers-united-states,lead list,Prosthetics & Orthotics Providers - United States | Free Lead List,"Free download: Prosthetics & Orthotics Providers - United States. 11,100 leads, emails not included so you enrich them yourself. Who this is for: device manuf",Healthcare,11100,0,Organization BreadcrumbList Dataset
https://warminboxes.com/leads/prosthodontists-and-dental-practices,lead list,Prosthodontists & Dental Practices | Free Lead List,"Free download: Prosthodontists & Dental Practices. 545,900 leads, emails not included so you enrich them yourself. Who this is for: dental labs and prosthetic",Healthcare,545900,0,Organization BreadcrumbList Dataset
https://warminboxes.com/leads/public-relations-agencies,lead list,Public Relations Agencies | Free Lead List,"Free download: Public Relations Agencies. 113,700 leads, emails not included so you enrich them yourself. Who this is for: media database and monitoring tools",Marketing,113700,0,Organization BreadcrumbList Dataset
https://warminboxes.com/leads/real-estate-united-states,lead list,Real Estate - United States | Free Lead List,"Free download: Real Estate - United States. 116,400 leads, emails not included so you enrich them yourself. Who this is for: proptech and CRM software, market",Real Estate,116400,0,Organization BreadcrumbList Dataset
https://warminboxes.com/leads/recruitment-agencies-united-states,lead list,Recruitment Agencies - United States | Free Lead List,"Free download: Recruitment Agencies - United States. 20,500 leads with 20,500 verified emails. Who this is for: recruiting-tech and ATS vendors, sourcing and",Staffing,20500,20500,Organization BreadcrumbList Dataset
https://warminboxes.com/leads/recruitment-arizona,lead list,Recruitment - Arizona | Free Lead List,"Free download: Recruitment - Arizona. 4,800 leads with 2,900 verified emails. Who this is for: ATS and sourcing software, job boards, background-check service",Recruitment,4800,2900,Organization BreadcrumbList Dataset
https://warminboxes.com/leads/recruitment-uk,lead list,Recruitment - UK | Free Lead List,"Free download: Recruitment - UK. 9,100 leads with 4,400 verified emails. Who this is for: ATS and sourcing software, job boards, background-check services, an",Recruitment,9100,4400,Organization BreadcrumbList Dataset
https://warminboxes.com/leads/recycling-e-waste-collection-united-states,lead list,Recycling & E-Waste Collection - United States | Free Lead List,"Free download: Recycling & E-Waste Collection - United States. 70,600 leads, emails not included so you enrich them yourself. Who this is for: logistics and r",Business Services,70600,0,Organization BreadcrumbList Dataset
https://warminboxes.com/leads/referral-canada,lead list,Referral - Canada | Free Lead List,"Free download: Referral - Canada. 2,900 leads with 2,900 verified emails. Who this is for: agencies and B2B services building Canadian referral and partnershi",Referral,2900,2900,Organization BreadcrumbList Dataset
https://warminboxes.com/leads/referrals-arizona,lead list,Referrals - Arizona | Free Lead List,"Free download: Referrals - Arizona. 43,000 leads with 1,400 verified emails. Who this is for: agencies and B2B services building Arizona referral and partners",Referral,43000,1400,Organization BreadcrumbList Dataset
https://warminboxes.com/leads/referrals-california,lead list,Referrals - California | Free Lead List,"Free download: Referrals - California. 10,300 leads with 2,000 verified emails. Who this is for: agencies and B2B services building California referral and pa",Referral,10300,2000,Organization BreadcrumbList Dataset
https://warminboxes.com/leads/referrals-colorado,lead list,Referrals - Colorado | Free Lead List,"Free download: Referrals - Colorado. 3,900 leads with 1,200 verified emails. Who this is for: agencies and B2B services building Colorado referral and partner",Referral,3900,1200,Organization BreadcrumbList Dataset
https://warminboxes.com/leads/referrals-kentucky,lead list,Referrals - Kentucky | Free Lead List,"Free download: Referrals - Kentucky. 2,600 leads with 530 verified emails. Who this is for: agencies and B2B services building Kentucky referral and partnersh",Referral,2600,530,Organization BreadcrumbList Dataset
https://warminboxes.com/leads/referrals-new-york,lead list,Referrals - New York | Free Lead List,"Free download: Referrals - New York. 1,900 leads with 800 verified emails. Who this is for: agencies and B2B services building New York referral and partnersh",Referral,1900,800,Organization BreadcrumbList Dataset
https://warminboxes.com/leads/referrals-texas,lead list,Referrals - Texas | Free Lead List,"Free download: Referrals - Texas. 26,300 leads with 3,600 verified emails. Who this is for: agencies and B2B services building Texas referral and partnership",Referral,26300,3600,Organization BreadcrumbList Dataset
https://warminboxes.com/leads/referrals-uk,lead list,Referrals - UK | Free Lead List,"Free download: Referrals - UK. 3,800 leads with 3,100 verified emails. Who this is for: agencies and B2B services building UK referral and partnership channel",Referral,3800,3100,Organization BreadcrumbList Dataset
https://warminboxes.com/leads/remodeler-2026,lead list,Remodeler 2026 | Free Lead List,"Free download: Remodeler 2026. 540,300 leads, emails not included so you enrich them yourself. Who this is for: materials distributors, estimating and job man",Home Services,540300,0,Organization BreadcrumbList Dataset
https://warminboxes.com/leads/renewable-energy-canada,lead list,Renewable Energy - Canada | Free Lead List,"Free download: Renewable Energy - Canada. 5,100 leads, emails not included so you enrich them yourself. Who this is for: project software, component suppliers",Energy & Environmental,5100,0,Organization BreadcrumbList Dataset
https://warminboxes.com/leads/renewable-energy-united-kingdom,lead list,Renewable Energy - United Kingdom | Free Lead List,"Free download: Renewable Energy - United Kingdom. 28,700 leads, emails not included so you enrich them yourself. Who this is for: project and design software,",Energy & Environmental,28700,0,Organization BreadcrumbList Dataset
https://warminboxes.com/leads/renewable-energy-united-states,lead list,Renewable Energy - United States | Free Lead List,"Free download: Renewable Energy - United States. 48,800 leads, emails not included so you enrich them yourself. Who this is for: project software and design t",Energy & Environmental,48800,0,Organization BreadcrumbList Dataset
https://warminboxes.com/leads/research-science-and-biotechnology-canada-clay-2026,lead list,Research Science and Biotechnology - Canada - Clay 2026 | Free Lead List,"Free download: Research Science and Biotechnology - Canada - Clay 2026. 9,100 leads, emails not included so you enrich them yourself. Who this is for: lab equ",Research & Biotech,9100,0,Organization BreadcrumbList Dataset
https://warminboxes.com/leads/research-science-and-biotechnology-uk-clay-2026,lead list,Research Science and Biotechnology - UK - Clay 2026 | Free Lead List,"Free download: Research Science and Biotechnology - UK - Clay 2026. 23,000 leads, emails not included so you enrich them yourself. Who this is for: lab equipm",Research & Biotech,23000,0,Organization BreadcrumbList Dataset
https://warminboxes.com/leads/research-science-and-biotechnology-us-clay-2026,lead list,Research Science and Biotechnology - US - Clay 2026 | Free Lead List,"Free download: Research Science and Biotechnology - US - Clay 2026. 78,200 leads, emails not included so you enrich them yourself. Who this is for: lab equipm",Research & Biotech,78200,0,Organization BreadcrumbList Dataset
https://warminboxes.com/leads/residential-glass-repair-united-states,lead list,Residential Glass Repair - United States | Free Lead List,"Free download: Residential Glass Repair - United States. 58,000 leads, emails not included so you enrich them yourself. Who this is for: glass and glazing sup",Home Services,58000,0,Organization BreadcrumbList Dataset
https://warminboxes.com/leads/restaurants-2026,lead list,Restaurants 2026 | Free Lead List,"Free download: Restaurants 2026. 235,300 leads, emails not included so you enrich them yourself. Who this is for: POS and online ordering platforms, food and",Food & Beverage,235300,0,Organization BreadcrumbList Dataset
https://warminboxes.com/leads/restaurants-vancouver-canada,lead list,"Restaurants - Vancouver, Canada | Free Lead List","Free download: Restaurants - Vancouver, Canada. 48,000 leads, emails not included so you enrich them yourself. Who this is for: food distributors, POS and res",Food & Beverage,48000,0,Organization BreadcrumbList Dataset
https://warminboxes.com/leads/retail-canada-clay-2026,lead list,Retail - Canada | Free Lead List,"Free download: Retail - Canada. 53,300 leads, emails not included so you enrich them yourself. Who this is for: POS and payments providers, wholesalers, shopf",Retail,53300,0,Organization BreadcrumbList Dataset
https://warminboxes.com/leads/retail-consumer-food-hospitality,lead list,"Retail, Consumer, Food & Hospitality | Free Lead List","Free download: Retail, Consumer, Food & Hospitality. 2,000 leads with 2,000 verified emails. Who this is for: POS and booking software, distributors, and mark",Retail,2000,2000,Organization BreadcrumbList Dataset
https://warminboxes.com/leads/retail-united-kingdom-clay-2026,lead list,Retail - United Kingdom | Free Lead List,"Free download: Retail - United Kingdom. 169,000 leads, emails not included so you enrich them yourself. Who this is for: EPOS and payments vendors, wholesaler",Retail,169000,0,Organization BreadcrumbList Dataset
https://warminboxes.com/leads/retail-united-states-clay-2026,lead list,Retail - United States | Free Lead List,"Free download: Retail - United States. 454,200 leads, emails not included so you enrich them yourself. Who this is for: POS and inventory software, payments a",Retail,454200,0,Organization BreadcrumbList Dataset
https://warminboxes.com/leads/retaining-wall-builders-united-states,lead list,Retaining-Wall Builders - United States | Free Lead List,"Free download: Retaining-Wall Builders - United States. 44,800 leads, emails not included so you enrich them yourself. Who this is for: block and stone suppli",Construction,44800,0,Organization BreadcrumbList Dataset
https://warminboxes.com/leads/rhode-island-facility-management-contacts-clay-2026,lead list,Rhode Island Facility Management Contacts - Clay 2026 | Free Lead List,"Free download: Rhode Island Facility Management Contacts - Clay 2026. 2,026 leads, emails not included so you enrich them yourself. Who this is for: commercia",Decision Makers,2026,0,Organization BreadcrumbList Dataset
https://warminboxes.com/leads/rhode-island-sales-contacts-clay-2026,lead list,Rhode Island Sales Contacts - Clay 2026 | Free Lead List,"Free download: Rhode Island Sales Contacts - Clay 2026. 1,050 leads, emails not included so you enrich them yourself. Who this is for: CRM and sales tooling,",Decision Makers,1050,0,Organization BreadcrumbList Dataset
https://warminboxes.com/leads/roadside-assistance-firms,lead list,Roadside Assistance Firms | Free Lead List,"Free download: Roadside Assistance Firms. 19,600 leads, emails not included so you enrich them yourself. Who this is for: dispatch and fleet software, towing",Automotives,19600,0,Organization BreadcrumbList Dataset
https://warminboxes.com/leads/robotics-maker-camps-united-states,lead list,Robotics & Maker Camps - United States | Free Lead List,"Free download: Robotics & Maker Camps - United States. 11,900 leads, emails not included so you enrich them yourself. Who this is for: STEM curriculum and kit",Education,11900,0,Organization BreadcrumbList Dataset
https://warminboxes.com/leads/roofers-us,lead list,Roofers - US (Verified) | Free Lead List,"Free download: Roofers - US (Verified). 4,300 leads with 4,300 verified emails. Who this is for: contractor software, lead-gen and marketing agencies, insuran",Roofing,4300,4300,Organization BreadcrumbList Dataset
https://warminboxes.com/leads/roofing-canada,lead list,Roofing - Canada | Free Lead List,"Free download: Roofing - Canada. 19,000 leads with 6,000 verified emails. Who this is for: contractor software, marketing and lead-gen, insurance and financin",Roofing,19000,6000,Organization BreadcrumbList Dataset
https://warminboxes.com/leads/roofing-contractor-business-development-contacts,lead list,Roofing Contractor Business Development Contacts | Free Lead List,"Free download: Roofing Contractor Business Development Contacts. 4,820 leads, emails not included so you enrich them yourself. Who this is for: commercial roo",Roofing,4820,0,Organization BreadcrumbList Dataset
https://warminboxes.com/leads/roofing-contractor-owners,lead list,Roofing Contractor Owners | Free Lead List,"Free download: Roofing Contractor Owners. 10,616 leads with 2,283 verified emails. Who this is for: contractor and estimating software, insurance and financin",Roofing,10616,2283,Organization BreadcrumbList Dataset
https://warminboxes.com/leads/roofing-contractor-sales-contacts,lead list,Roofing Contractor Sales Contacts | Free Lead List,"Free download: Roofing Contractor Sales Contacts. 5,000 leads, emails not included so you enrich them yourself. Who this is for: CRM and quoting tools, lead-g",Roofing,5000,0,Organization BreadcrumbList Dataset
https://warminboxes.com/leads/roofing-contractors-full-database,lead list,Roofing Contractors - Full Database | Free Lead List,"Free download: Roofing Contractors - Full Database. 28,563 leads with 2,283 verified emails. Who this is for: contractor software, lead-gen and marketing agen",Roofing,28563,2283,Organization BreadcrumbList Dataset
https://warminboxes.com/leads/roofing-united-kingdom,lead list,Roofing - United Kingdom | Free Lead List,"Free download: Roofing - United Kingdom. 75,100 leads with 27,000 verified emails. Who this is for: UK contractor software, marketing and lead-gen agencies, i",Roofing,75100,27000,Organization BreadcrumbList Dataset
https://warminboxes.com/leads/roofing-united-states,lead list,Roofing - United States | Free Lead List,"Free download: Roofing - United States. 28,700 leads with 28,600 verified emails. Who this is for: contractor software, lead-gen and marketing agencies, insur",Roofing,28700,28600,Organization BreadcrumbList Dataset
https://warminboxes.com/leads/rv-camper-dealerships-united-states,lead list,RV & Camper Dealerships - United States | Free Lead List,"Free download: RV & Camper Dealerships - United States. 16,800 leads, emails not included so you enrich them yourself. Who this is for: inventory and DMS soft",Automotives,16800,0,Organization BreadcrumbList Dataset
https://warminboxes.com/leads/safety-survival-all-storeleads-db-2026,lead list,Safety & Survival All - Storeleads DB 2026 | Free Lead List,"Free download: Safety & Survival All - Storeleads DB 2026. 55,500 leads with 22,500 verified emails. Who this is for: gear manufacturers and distributors, com",Ecommerce,55500,22500,Organization BreadcrumbList Dataset
https://warminboxes.com/leads/salvage-yards-auto-recyclers-united-states,lead list,Salvage Yards & Auto Recyclers - United States | Free Lead List,"Free download: Salvage Yards & Auto Recyclers - United States. 17,400 leads, emails not included so you enrich them yourself. Who this is for: inventory and p",Automotives,17400,0,Organization BreadcrumbList Dataset
https://warminboxes.com/leads/science-all-storeleads-db-2026,lead list,Science All - Storeleads DB 2026 | Free Lead List,"Free download: Science All - Storeleads DB 2026. 55,700 leads with 24,200 verified emails. Who this is for: lab equipment and consumables distributors, compli",Ecommerce,55700,24200,Organization BreadcrumbList Dataset
https://warminboxes.com/leads/security-services-canada-clay-2026,lead list,Security Services - Canada - Clay 2026 | Free Lead List,"Free download: Security Services - Canada - Clay 2026. 3,000 leads, emails not included so you enrich them yourself. Who this is for: security software, hardw",Security,3000,0,Organization BreadcrumbList Dataset
https://warminboxes.com/leads/security-services-united-kingdom-clay-2026,lead list,Security Services - United Kingdom - Clay 2026 | Free Lead List,"Free download: Security Services - United Kingdom - Clay 2026. 21,300 leads, emails not included so you enrich them yourself. Who this is for: security softwa",Security,21300,0,Organization BreadcrumbList Dataset
https://warminboxes.com/leads/security-services-united-states,lead list,Security Services - United States | Free Lead List,"Free download: Security Services - United States. 40,600 leads, emails not included so you enrich them yourself. Who this is for: guard management and schedul",Security,40600,0,Organization BreadcrumbList Dataset
https://warminboxes.com/leads/security-services-united-states-clay-2026,lead list,Security Services - United States - Clay 2026 | Free Lead List,"Free download: Security Services - United States - Clay 2026. 28,100 leads, emails not included so you enrich them yourself. Who this is for: security softwar",Security,28100,0,Organization BreadcrumbList Dataset
https://warminboxes.com/leads/senior-living-facility-2026,lead list,Senior Living Facility 2026 | Free Lead List,"Free download: Senior Living Facility 2026. 1,200,000 leads, emails not included so you enrich them yourself. Who this is for: care management software, staff",Healthcare,1200000,0,Organization BreadcrumbList Dataset
https://warminboxes.com/leads/seo-sem-agencies-united-states,lead list,SEO & SEM Agencies - United States | Free Lead List,"Free download: SEO & SEM Agencies - United States. 18,100 leads, emails not included so you enrich them yourself. Who this is for: martech and reporting tools",Marketing,18100,0,Organization BreadcrumbList Dataset
https://warminboxes.com/leads/septic-tank-pumping-repair-united-states,lead list,Septic Tank Pumping & Repair - United States | Free Lead List,"Free download: Septic Tank Pumping & Repair - United States. 31,200 leads, emails not included so you enrich them yourself. Who this is for: dispatch and rout",Home Services,31200,0,Organization BreadcrumbList Dataset
https://warminboxes.com/leads/shed-tiny-structure-assembly-us,lead list,Shed & Tiny-Structure Assembly - US | Free Lead List,"Free download: Shed & Tiny-Structure Assembly - US. 10,800 leads, emails not included so you enrich them yourself. Who this is for: kit manufacturers, materia",Construction,10800,0,Organization BreadcrumbList Dataset
https://warminboxes.com/leads/shopify-stores-2026,lead list,Shopify Stores | Free Lead List,"Free download: Shopify Stores. 91,000 leads, emails not included so you enrich them yourself. Who this is for: Shopify app developers, ecommerce agencies, 3PL",Ecommerce,91000,0,Organization BreadcrumbList Dataset
https://warminboxes.com/leads/siding-installation-repair,lead list,Siding Installation & Repair | Free Lead List,"Free download: Siding Installation & Repair. 203,800 leads, emails not included so you enrich them yourself. Who this is for: siding and materials distributor",Home Services,203800,0,Organization BreadcrumbList Dataset
https://warminboxes.com/leads/singapore-all-clay-2026,lead list,Singapore - All Industries - Clay 2026 | Free Lead List,"Free download: Singapore - All Industries - Clay 2026. 99,200 leads, emails not included so you enrich them yourself. Who this is for: anyone using Singapore",Geo Leads,99200,0,Organization BreadcrumbList Dataset
https://warminboxes.com/leads/sleep-disorder-centers-us,lead list,Sleep-Disorder Centers - US | Free Lead List,"Free download: Sleep-Disorder Centers - US. 20,100 leads, emails not included so you enrich them yourself. Who this is for: diagnostic equipment, EMR and bill",Healthcare,20100,0,Organization BreadcrumbList Dataset
https://warminboxes.com/leads/smart-home-automation-installers-us,lead list,Smart Home Automation Installers - US | Free Lead List,"Free download: Smart Home Automation Installers - US. 37,500 leads, emails not included so you enrich them yourself. Who this is for: device brands and distri",Home Services,37500,0,Organization BreadcrumbList Dataset
https://warminboxes.com/leads/smog-check-stations-us,lead list,Smog Check Stations - US | Free Lead List,"Free download: Smog Check Stations - US. 22,600 leads, emails not included so you enrich them yourself. Who this is for: emissions equipment, shop management",Automotives,22600,0,Organization BreadcrumbList Dataset
https://warminboxes.com/leads/smoking-vaping-storeleads-db-2026,lead list,Smoking & Vaping - Storeleads DB 2026 | Free Lead List,"Free download: Smoking & Vaping - Storeleads DB 2026. 19,200 leads with 12,500 verified emails. Who this is for: age verification and high risk payment proces",Ecommerce,19200,12500,Organization BreadcrumbList Dataset
https://warminboxes.com/leads/snack-food-stores,lead list,Snack Food Stores | Free Lead List,"Free download: Snack Food Stores. 150,300 leads, emails not included so you enrich them yourself. Who this is for: wholesale and importer suppliers, POS and i",Food & Beverage,150300,0,Organization BreadcrumbList Dataset
https://warminboxes.com/leads/snow-ice-removal-united-states,lead list,Snow & Ice Removal - United States | Free Lead List,"Free download: Snow & Ice Removal - United States. 24,300 leads, emails not included so you enrich them yourself. Who this is for: dispatch and routing softwa",Home Services,24300,0,Organization BreadcrumbList Dataset
https://warminboxes.com/leads/social-media-management-agencies-united-states,lead list,Social Media Management Agencies - United States | Free Lead List,"Free download: Social Media Management Agencies - United States. 30,000 leads, emails not included so you enrich them yourself. Who this is for: martech and s",Marketing,30000,0,Organization BreadcrumbList Dataset
https://warminboxes.com/leads/social-media-management-agencies-us,lead list,Social Media Management Agencies - US | Free Lead List,"Free download: Social Media Management Agencies - US. 47,900 leads, emails not included so you enrich them yourself. Who this is for: scheduling and reporting",Marketing,47900,0,Organization BreadcrumbList Dataset
https://warminboxes.com/leads/software-development-canada-clay-2026,lead list,Software Development - Canada - Clay 2026 | Free Lead List,"Free download: Software Development - Canada - Clay 2026. 23,400 leads, emails not included so you enrich them yourself. Who this is for: dev-tools and SaaS v",SaaS,23400,0,Organization BreadcrumbList Dataset
https://warminboxes.com/leads/software-development-united-kingdom-clay-2026,lead list,Software Development - United Kingdom - Clay 2026 | Free Lead List,"Free download: Software Development - United Kingdom - Clay 2026. 50,000 leads, emails not included so you enrich them yourself. Who this is for: dev-tools ve",SaaS,50000,0,Organization BreadcrumbList Dataset
https://warminboxes.com/leads/software-development-united-states-clay-2026,lead list,Software Development - United States - Clay 2026 | Free Lead List,"Free download: Software Development - United States - Clay 2026. 131,000 leads, emails not included so you enrich them yourself. Who this is for: dev-tools an",SaaS,131000,0,Organization BreadcrumbList Dataset
https://warminboxes.com/leads/south-carolina-business-development-contacts-clay-2026,lead list,South Carolina Business Development Contacts - Clay 2026 | Free Lead List,"Free download: South Carolina Business Development Contacts - Clay 2026. 1,623 leads, emails not included so you enrich them yourself. Who this is for: partne",Decision Makers,1623,0,Organization BreadcrumbList Dataset
https://warminboxes.com/leads/south-carolina-facility-management-contacts-clay-2026,lead list,South Carolina Facility Management Contacts - Clay 2026 | Free Lead List,"Free download: South Carolina Facility Management Contacts - Clay 2026. 7,886 leads, emails not included so you enrich them yourself. Who this is for: commerc",Decision Makers,7886,0,Organization BreadcrumbList Dataset
https://warminboxes.com/leads/south-carolina-owners-clay-2026,lead list,South Carolina Owners - Clay 2026 | Free Lead List,"Free download: South Carolina Owners - Clay 2026. 4,523 leads, emails not included so you enrich them yourself. Who this is for: business loans and financing,",Decision Makers,4523,0,Organization BreadcrumbList Dataset
https://warminboxes.com/leads/south-carolina-sales-contacts-clay-2026,lead list,South Carolina Sales Contacts - Clay 2026 | Free Lead List,"Free download: South Carolina Sales Contacts - Clay 2026. 1,805 leads, emails not included so you enrich them yourself. Who this is for: CRM and sales tooling",Decision Makers,1805,0,Organization BreadcrumbList Dataset
https://warminboxes.com/leads/south-dakota-facility-management-contacts-clay-2026,lead list,South Dakota Facility Management Contacts - Clay 2026 | Free Lead List,"Free download: South Dakota Facility Management Contacts - Clay 2026. 1,996 leads, emails not included so you enrich them yourself. Who this is for: commercia",Decision Makers,1996,0,Organization BreadcrumbList Dataset
https://warminboxes.com/leads/south-dakota-sales-contacts-clay-2026,lead list,South Dakota Sales Contacts - Clay 2026 | Free Lead List,"Free download: South Dakota Sales Contacts - Clay 2026. 918 leads, emails not included so you enrich them yourself. Who this is for: CRM and sales tooling, ou",Decision Makers,918,0,Organization BreadcrumbList Dataset
https://warminboxes.com/leads/spain-all-clay-2026,lead list,Spain - All Industries - Clay 2026 | Free Lead List,"Free download: Spain - All Industries - Clay 2026. 880,300 leads, emails not included so you enrich them yourself. Who this is for: anyone entering the Spanis",Geo Leads,880300,0,Organization BreadcrumbList Dataset
https://warminboxes.com/leads/spas,lead list,Spas | Free Lead List,"Free download: Spas. 124,900 leads, emails not included so you enrich them yourself. Who this is for: skincare and equipment distributors, booking and CRM sof",Beauty,124900,0,Organization BreadcrumbList Dataset
https://warminboxes.com/leads/specialty-chocolate-confectioneries-us,lead list,Specialty Chocolate & Confectioneries - US | Free Lead List,"Free download: Specialty Chocolate & Confectioneries - US. 80,100 leads, emails not included so you enrich them yourself. Who this is for: ingredient supplier",Food & Beverage,80100,0,Organization BreadcrumbList Dataset
https://warminboxes.com/leads/specialty-spice-herb-shops-us,lead list,Specialty Spice & Herb Shops - US | Free Lead List,"Free download: Specialty Spice & Herb Shops - US. 65,900 leads, emails not included so you enrich them yourself. Who this is for: importers and wholesale supp",Retail,65900,0,Organization BreadcrumbList Dataset
https://warminboxes.com/leads/speech-language-pathology-clinics-us,lead list,Speech-Language Pathology Clinics - US | Free Lead List,"Free download: Speech-Language Pathology Clinics - US. 31,400 leads, emails not included so you enrich them yourself. Who this is for: teletherapy and practic",Healthcare,31400,0,Organization BreadcrumbList Dataset
https://warminboxes.com/leads/sporting-goods-shops-us,lead list,Sporting Goods Shops - US | Free Lead List,"Free download: Sporting Goods Shops - US. 38,800 leads, emails not included so you enrich them yourself. Who this is for: sports brands and distributors, POS",Retail,38800,0,Organization BreadcrumbList Dataset
https://warminboxes.com/leads/sports-all-storeleads-db-2026,lead list,Sports All - Storeleads DB 2026 | Free Lead List,"Free download: Sports All - Storeleads DB 2026. 108,500 leads with 63,800 verified emails. Who this is for: equipment manufacturers and distributors, team and",Ecommerce,108500,63800,Organization BreadcrumbList Dataset
https://warminboxes.com/leads/sports-companies-canada-clay-2026,lead list,Sports Companies - Canada - Clay 2026 | Free Lead List,"Free download: Sports Companies - Canada - Clay 2026. 8,900 leads, emails not included so you enrich them yourself. Who this is for: equipment manufacturers a",Sports & Recreation,8900,0,Organization BreadcrumbList Dataset
https://warminboxes.com/leads/sports-companies-uk-clay-2026,lead list,Sports Companies - UK - Clay 2026 | Free Lead List,"Free download: Sports Companies - UK - Clay 2026. 47,900 leads, emails not included so you enrich them yourself. Who this is for: equipment manufacturers and",Sports & Recreation,47900,0,Organization BreadcrumbList Dataset
https://warminboxes.com/leads/sports-companies-us-clay-2026,lead list,Sports Companies - US - Clay 2026 | Free Lead List,"Free download: Sports Companies - US - Clay 2026. 67,400 leads, emails not included so you enrich them yourself. Who this is for: equipment manufacturers and",Sports & Recreation,67400,0,Organization BreadcrumbList Dataset
https://warminboxes.com/leads/spray-tan-studios-us,lead list,Spray-Tan Studios - US | Free Lead List,"Free download: Spray-Tan Studios - US. 7,900 leads, emails not included so you enrich them yourself. Who this is for: solution and equipment brands, booking s",Beauty,7900,0,Organization BreadcrumbList Dataset
https://warminboxes.com/leads/staffing-recruiting-canada-clay-2026,lead list,Staffing & Recruiting - Canada - Clay 2026 | Free Lead List,"Free download: Staffing & Recruiting - Canada - Clay 2026. 6,000 leads, emails not included so you enrich them yourself. Who this is for: recruiting-tech, HR",Staffing,6000,0,Organization BreadcrumbList Dataset
https://warminboxes.com/leads/staffing-recruiting-united-kingdom-clay-2026,lead list,Staffing & Recruiting - United Kingdom - Clay 2026 | Free Lead List,"Free download: Staffing & Recruiting - United Kingdom - Clay 2026. 38,400 leads, emails not included so you enrich them yourself. Who this is for: recruiting-",Staffing,38400,0,Organization BreadcrumbList Dataset
https://warminboxes.com/leads/staffing-recruiting-united-states-clay-2026,lead list,Staffing & Recruiting - United States - Clay 2026 | Free Lead List,"Free download: Staffing & Recruiting - United States - Clay 2026. 44,400 leads, emails not included so you enrich them yourself. Who this is for: HR and recru",Staffing,44400,0,Organization BreadcrumbList Dataset
https://warminboxes.com/leads/steel-metal-building-erectors-us,lead list,Steel & Metal-Building Erectors - US | Free Lead List,"Free download: Steel & Metal-Building Erectors - US. 13,700 leads, emails not included so you enrich them yourself. Who this is for: steel suppliers, equipmen",Construction,13700,0,Organization BreadcrumbList Dataset
https://warminboxes.com/leads/storage-facilities-us,lead list,Storage Facilities - US | Free Lead List,"Free download: Storage Facilities - US. 55,200 leads, emails not included so you enrich them yourself. Who this is for: facility management software, security",Real Estate,55200,0,Organization BreadcrumbList Dataset
https://warminboxes.com/leads/structural-foundation-repair-us,lead list,Structural & Foundation Repair - US | Free Lead List,"Free download: Structural & Foundation Repair - US. 17,100 leads, emails not included so you enrich them yourself. Who this is for: anchoring and waterproofin",Construction,17100,0,Organization BreadcrumbList Dataset
https://warminboxes.com/leads/stucco-eifs-installers-us,lead list,Stucco & EIFS Installers - US | Free Lead List,"Free download: Stucco & EIFS Installers - US. 29,900 leads, emails not included so you enrich them yourself. Who this is for: material suppliers, equipment, e",Construction,29900,0,Organization BreadcrumbList Dataset
https://warminboxes.com/leads/study-abroad-program-advisors-us,lead list,Study-Abroad Program Advisors - US | Free Lead List,"Free download: Study-Abroad Program Advisors - US. 22,400 leads, emails not included so you enrich them yourself. Who this is for: program providers, student",Education,22400,0,Organization BreadcrumbList Dataset
https://warminboxes.com/leads/summer-camps-special-interest-day-us,lead list,Summer Camps (Special-Interest & Day) - US | Free Lead List,"Free download: Summer Camps (Special-Interest & Day) - US. 49,400 leads, emails not included so you enrich them yourself. Who this is for: registration and ca",Education,49400,0,Organization BreadcrumbList Dataset
https://warminboxes.com/leads/surgery-centres-2026,lead list,Surgery Centres 2026 | Free Lead List,"Free download: Surgery Centres 2026. 404,400 leads, emails not included so you enrich them yourself. Who this is for: surgical equipment and implant suppliers",Healthcare,404400,0,Organization BreadcrumbList Dataset
https://warminboxes.com/leads/sweden-all-clay-2026,lead list,Sweden - All Industries - Clay 2026 | Free Lead List,"Free download: Sweden - All Industries - Clay 2026. 169,800 leads, emails not included so you enrich them yourself. Who this is for: anyone entering the Swedi",Geo Leads,169800,0,Organization BreadcrumbList Dataset
https://warminboxes.com/leads/swimming-lifesaving-lessons,lead list,Swimming & Lifesaving Lessons | Free Lead List,"Free download: Swimming & Lifesaving Lessons. 54,100 leads, emails not included so you enrich them yourself. Who this is for: booking and waiver software, poo",Sports & Recreation,54100,0,Organization BreadcrumbList Dataset
https://warminboxes.com/leads/swimming-pool-construction-us,lead list,Swimming-Pool Construction - US | Free Lead List,"Free download: Swimming-Pool Construction - US. 14,900 leads, emails not included so you enrich them yourself. Who this is for: pool equipment and material su",Construction,14900,0,Organization BreadcrumbList Dataset
https://warminboxes.com/leads/switzerland-all-clay-2026,lead list,Switzerland - All Industries - Clay 2026 | Free Lead List,"Free download: Switzerland - All Industries - Clay 2026. 290,000 leads, emails not included so you enrich them yourself. Who this is for: anyone entering the",Geo Leads,290000,0,Organization BreadcrumbList Dataset
https://warminboxes.com/leads/tailoring-alteration-shops-us,lead list,Tailoring & Alteration Shops - US | Free Lead List,"Free download: Tailoring & Alteration Shops - US. 24,500 leads, emails not included so you enrich them yourself. Who this is for: POS and booking software, su",Personal Services,24500,0,Organization BreadcrumbList Dataset
https://warminboxes.com/leads/taiwan-all-clay-2026,lead list,Taiwan - All Industries - Clay 2026 | Free Lead List,"Free download: Taiwan - All Industries - Clay 2026. 23,100 leads, emails not included so you enrich them yourself. Who this is for: anyone selling into Taiwan",Geo Leads,23100,0,Organization BreadcrumbList Dataset
https://warminboxes.com/leads/tanzania-all-clay-2026,lead list,Tanzania - All Industries - Clay 2026 | Free Lead List,"Free download: Tanzania - All Industries - Clay 2026. 13,200 leads, emails not included so you enrich them yourself. Who this is for: anyone selling into East",Geo Leads,13200,0,Organization BreadcrumbList Dataset
https://warminboxes.com/leads/tattoo-shops,lead list,Tattoo Shops | Free Lead List,"Free download: Tattoo Shops. 32,700 leads, emails not included so you enrich them yourself. Who this is for: booking and POS software, tattoo supply distribut",Beauty,32700,0,Organization BreadcrumbList Dataset
https://warminboxes.com/leads/tax-attorney-2026,lead list,Tax Attorney 2026 | Free Lead List,"Free download: Tax Attorney 2026. 1,300,000 leads, emails not included so you enrich them yourself. Who this is for: tax research and compliance software, acc",Legal Services,1300000,0,Organization BreadcrumbList Dataset
https://warminboxes.com/leads/tea-rooms-bubble-tea-shops-us,lead list,Tea Rooms & Bubble-Tea Shops - US | Free Lead List,"Free download: Tea Rooms & Bubble-Tea Shops - US. 61,300 leads, emails not included so you enrich them yourself. Who this is for: ingredient and supply distri",Food & Beverage,61300,0,Organization BreadcrumbList Dataset
https://warminboxes.com/leads/technical-documentation-sop-writers,lead list,Technical Documentation & SOP Writers | Free Lead List,"Free download: Technical Documentation & SOP Writers. 15,000 leads, emails not included so you enrich them yourself. Who this is for: authoring and knowledge-",Business Services,15000,0,Organization BreadcrumbList Dataset
https://warminboxes.com/leads/technical-documentation-sop-writers-united-states,lead list,Technical Documentation & SOP Writers - United States | Free Lead List,"Free download: Technical Documentation & SOP Writers - United States. 15,200 leads, emails not included so you enrich them yourself. Who this is for: document",Business Services,15200,0,Organization BreadcrumbList Dataset
https://warminboxes.com/leads/technical-documentation-sop-writers-us,lead list,Technical Documentation & SOP Writers - US | Free Lead List,"Free download: Technical Documentation & SOP Writers - US. 19,500 leads, emails not included so you enrich them yourself. Who this is for: authoring and knowl",Business Services,19500,0,Organization BreadcrumbList Dataset
https://warminboxes.com/leads/technology-information-and-media-clay-2026,lead list,"Technology, Information and Media - Clay 2026 | Free Lead List","Free download: Technology, Information and Media - Clay 2026. 41,700 leads, emails not included so you enrich them yourself. Who this is for: infrastructure a",Software & Technology,41700,0,Organization BreadcrumbList Dataset
https://warminboxes.com/leads/technology-media-communications-canada,lead list,Technology Media Communications - Canada | Free Lead List,"Free download: Technology Media Communications - Canada. 4,600 leads, emails not included so you enrich them yourself. Who this is for: developer and infrastr",Software & Technology,4600,0,Organization BreadcrumbList Dataset
https://warminboxes.com/leads/technology-media-communications-uk,lead list,Technology Media Communications - UK | Free Lead List,"Free download: Technology Media Communications - UK. 25,500 leads, emails not included so you enrich them yourself. Who this is for: developer and infrastruct",Software & Technology,25500,0,Organization BreadcrumbList Dataset
https://warminboxes.com/leads/technology-media-communications-us,lead list,Technology Media Communications - US | Free Lead List,"Free download: Technology Media Communications - US. 42,600 leads, emails not included so you enrich them yourself. Who this is for: developer and infrastruct",Software & Technology,42600,0,Organization BreadcrumbList Dataset
https://warminboxes.com/leads/technology-software,lead list,Technology & Software | Free Lead List,"Free download: Technology & Software. 10,000 leads with 10,000 verified emails. Who this is for: infrastructure and dev tooling vendors, agencies, and recruit",Software & Technology,10000,10000,Organization BreadcrumbList Dataset
https://warminboxes.com/leads/telemedicine-providers,lead list,Telemedicine Providers | Free Lead List,"Free download: Telemedicine Providers. 63,800 leads, emails not included so you enrich them yourself. Who this is for: EHR and scheduling platforms, medical b",Healthcare,63800,0,Organization BreadcrumbList Dataset
https://warminboxes.com/leads/tennessee-business-development-contacts-clay-2026,lead list,Tennessee Business Development Contacts - Clay 2026 | Free Lead List,"Free download: Tennessee Business Development Contacts - Clay 2026. 1,293 leads, emails not included so you enrich them yourself. Who this is for: partnership",Decision Makers,1293,0,Organization BreadcrumbList Dataset
https://warminboxes.com/leads/tennessee-facility-management-contacts-clay-2026,lead list,Tennessee Facility Management Contacts - Clay 2026 | Free Lead List,"Free download: Tennessee Facility Management Contacts - Clay 2026. 9,884 leads, emails not included so you enrich them yourself. Who this is for: commercial c",Decision Makers,9884,0,Organization BreadcrumbList Dataset
https://warminboxes.com/leads/tennessee-owners-clay-2026,lead list,Tennessee Owners - Clay 2026 | Free Lead List,"Free download: Tennessee Owners - Clay 2026. 4,564 leads, emails not included so you enrich them yourself. Who this is for: business loans and financing, insu",Decision Makers,4564,0,Organization BreadcrumbList Dataset
https://warminboxes.com/leads/tennessee-sales-contacts-clay-2026,lead list,Tennessee Sales Contacts - Clay 2026 | Free Lead List,"Free download: Tennessee Sales Contacts - Clay 2026. 4,027 leads, emails not included so you enrich them yourself. Who this is for: CRM and sales tooling, out",Decision Makers,4027,0,Organization BreadcrumbList Dataset
https://warminboxes.com/leads/test-prep-centers,lead list,Test-Prep Centers | Free Lead List,"Free download: Test-Prep Centers. 33,900 leads, emails not included so you enrich them yourself. Who this is for: curriculum and practice-test platforms, sche",Education,33900,0,Organization BreadcrumbList Dataset
https://warminboxes.com/leads/texas-business-development-contacts-clay-2026,lead list,Texas Business Development Contacts - Clay 2026 | Free Lead List,"Free download: Texas Business Development Contacts - Clay 2026. 31,800 leads, emails not included so you enrich them yourself. Who this is for: partnership an",Decision Makers,31800,0,Organization BreadcrumbList Dataset
https://warminboxes.com/leads/texas-facility-management-contacts-clay-2026,lead list,Texas Facility Management Contacts - Clay 2026 | Free Lead List,"Free download: Texas Facility Management Contacts - Clay 2026. 41,400 leads, emails not included so you enrich them yourself. Who this is for: commercial clea",Decision Makers,41400,0,Organization BreadcrumbList Dataset
https://warminboxes.com/leads/texas-owners-clay-2026,lead list,Texas Owners - Clay 2026 | Free Lead List,"Free download: Texas Owners - Clay 2026. 50,000 leads, emails not included so you enrich them yourself. Who this is for: business loans and financing, insuran",Decision Makers,50000,0,Organization BreadcrumbList Dataset
https://warminboxes.com/leads/texas-sales-contacts-clay-2026,lead list,Texas Sales Contacts - Clay 2026 | Free Lead List,"Free download: Texas Sales Contacts - Clay 2026. 39,600 leads, emails not included so you enrich them yourself. Who this is for: CRM and sales tooling, outbou",Decision Makers,39600,0,Organization BreadcrumbList Dataset
https://warminboxes.com/leads/thailand-all-clay-2026,lead list,Thailand - All Industries - Clay 2026 | Free Lead List,"Free download: Thailand - All Industries - Clay 2026. 36,500 leads, emails not included so you enrich them yourself. Who this is for: anyone selling into Thai",Geo Leads,36500,0,Organization BreadcrumbList Dataset
https://warminboxes.com/leads/thrift-consignment-boutiques,lead list,Thrift & Consignment Boutiques | Free Lead List,"Free download: Thrift & Consignment Boutiques. 25,800 leads, emails not included so you enrich them yourself. Who this is for: resale POS and inventory softwa",Retail,25800,0,Organization BreadcrumbList Dataset
https://warminboxes.com/leads/ticket-brokerage-concierge,lead list,Ticket Brokerage & Concierge | Free Lead List,"Free download: Ticket Brokerage & Concierge. 14,900 leads, emails not included so you enrich them yourself. Who this is for: inventory and pricing software, p",Events & Entertainment,14900,0,Organization BreadcrumbList Dataset
https://warminboxes.com/leads/tint-paint-protection-film-installers,lead list,Tint & Paint-Protection Film Installers | Free Lead List,"Free download: Tint & Paint-Protection Film Installers. 20,700 leads, emails not included so you enrich them yourself. Who this is for: film manufacturers, pl",Automotives,20700,0,Organization BreadcrumbList Dataset
https://warminboxes.com/leads/tire-shops-united-states,lead list,Tire Shops - United States | Free Lead List,"Free download: Tire Shops - United States. 74,300 leads, emails not included so you enrich them yourself. Who this is for: shop-management and POS software, p",Automotives,74300,0,Organization BreadcrumbList Dataset
https://warminboxes.com/leads/towing-services-united-states,lead list,Towing Services - United States | Free Lead List,"Free download: Towing Services - United States. 22,300 leads, emails not included so you enrich them yourself. Who this is for: dispatch and fleet software, p",Automotives,22300,0,Organization BreadcrumbList Dataset
https://warminboxes.com/leads/toy-game-stores,lead list,Toy & Game Stores | Free Lead List,"Free download: Toy & Game Stores. 42,700 leads, emails not included so you enrich them yourself. Who this is for: toy brands and distributors, POS and invento",Retail,42700,0,Organization BreadcrumbList Dataset
https://warminboxes.com/leads/toys-hobbies-all-storeleads-db-2026,lead list,Toys & Hobbies All - Storeleads DB 2026 | Free Lead List,"Free download: Toys & Hobbies All - Storeleads DB 2026. 78,300 leads with 45,300 verified emails. Who this is for: manufacturers and licensing partners, safet",Ecommerce,78300,45300,Organization BreadcrumbList Dataset
https://warminboxes.com/leads/trailer-sales-service,lead list,Trailer Sales & Service | Free Lead List,"Free download: Trailer Sales & Service. 39,800 leads, emails not included so you enrich them yourself. Who this is for: trailer manufacturers, parts distribut",Automotives,39800,0,Organization BreadcrumbList Dataset
https://warminboxes.com/leads/transmission-specialist-shops-2026,lead list,Transmission Specialist Shops 2026 | Free Lead List,"Free download: Transmission Specialist Shops 2026. 65,700 leads, emails not included so you enrich them yourself. Who this is for: parts and rebuild kit distr",Automotives,65700,0,Organization BreadcrumbList Dataset
https://warminboxes.com/leads/transportation-companies-canada-clay-2026,lead list,Transportation Companies - Canada - Clay 2026 | Free Lead List,"Free download: Transportation Companies - Canada - Clay 2026. 12,500 leads, emails not included so you enrich them yourself. Who this is for: fleet telematics",Logistics & Transport,12500,0,Organization BreadcrumbList Dataset
https://warminboxes.com/leads/transportation-companies-uk-clay-2026,lead list,Transportation Companies - UK - Clay 2026 | Free Lead List,"Free download: Transportation Companies - UK - Clay 2026. 16,100 leads, emails not included so you enrich them yourself. Who this is for: fleet telematics and",Logistics & Transport,16100,0,Organization BreadcrumbList Dataset
https://warminboxes.com/leads/transportation-companies-us-clay-2026,lead list,Transportation Companies - US - Clay 2026 | Free Lead List,"Free download: Transportation Companies - US - Clay 2026. 60,700 leads, emails not included so you enrich them yourself. Who this is for: fleet telematics and",Logistics & Transport,60700,0,Organization BreadcrumbList Dataset
https://warminboxes.com/leads/travel-agencies-united-states,lead list,Travel Agencies - United States | Free Lead List,"Free download: Travel Agencies - United States. 50,400 leads, emails not included so you enrich them yourself. Who this is for: booking and CRM software, paym",Travel & Tourism,50400,0,Organization BreadcrumbList Dataset
https://warminboxes.com/leads/travel-all-storeleads-db-2026,lead list,Travel All - Storeleads DB 2026 | Free Lead List,"Free download: Travel All - Storeleads DB 2026. 33,300 leads with 24,700 verified emails. Who this is for: booking and reservation platforms, travel insurance",Ecommerce,33300,24700,Organization BreadcrumbList Dataset
https://warminboxes.com/leads/tree-services,lead list,Tree Services | Free Lead List,"Free download: Tree Services. 33,500 leads, emails not included so you enrich them yourself. Who this is for: equipment dealers, dispatch and estimating softw",Home Services,33500,0,Organization BreadcrumbList Dataset
https://warminboxes.com/leads/tunisia-all-clay-2026,lead list,Tunisia - All Industries - Clay 2026 | Free Lead List,"Free download: Tunisia - All Industries - Clay 2026. 21,500 leads, emails not included so you enrich them yourself. Who this is for: anyone sourcing North Afr",Geo Leads,21500,0,Organization BreadcrumbList Dataset
https://warminboxes.com/leads/turkey-all-clay-2026,lead list,Turkey - All Industries - Clay 2026 | Free Lead List,"Free download: Turkey - All Industries - Clay 2026. 279,500 leads, emails not included so you enrich them yourself. Who this is for: anyone selling into Turke",Geo Leads,279500,0,Organization BreadcrumbList Dataset
https://warminboxes.com/leads/tutoring-services,lead list,Tutoring Services | Free Lead List,"Free download: Tutoring Services. 33,000 leads, emails not included so you enrich them yourself. Who this is for: scheduling and billing software, curriculum",Education,33000,0,Organization BreadcrumbList Dataset
https://warminboxes.com/leads/uae-all-clay-2026,lead list,UAE - All Industries - Clay 2026 | Free Lead List,"Free download: UAE - All Industries - Clay 2026. 211,100 leads, emails not included so you enrich them yourself. Who this is for: anyone selling into the UAE",Geo Leads,211100,0,Organization BreadcrumbList Dataset
https://warminboxes.com/leads/uganda-all-clay-2026,lead list,Uganda - All Industries - Clay 2026 | Free Lead List,"Free download: Uganda - All Industries - Clay 2026. 18,300 leads, emails not included so you enrich them yourself. Who this is for: anyone selling into East A",Geo Leads,18300,0,Organization BreadcrumbList Dataset
https://warminboxes.com/leads/uk-restaurants,lead list,UK Restaurants | Free Lead List,"Free download: UK Restaurants. 55,100 leads, emails not included so you enrich them yourself. Who this is for: EPOS and reservation platforms, delivery and or",Food & Beverage,55100,0,Organization BreadcrumbList Dataset
https://warminboxes.com/leads/uk-smb-database-google-maps-2025,lead list,UK SMB Database - Google Maps 2025 | Free Lead List,"Free download: UK SMB Database - Google Maps 2025. 75,000 leads with 55,800 verified emails. Who this is for: UK agencies, web designers, local service provid",Local Business,75000,55800,Organization BreadcrumbList Dataset
https://warminboxes.com/leads/ukraine-all-clay-2026,lead list,Ukraine - All Industries - Clay 2026 | Free Lead List,"Free download: Ukraine - All Industries - Clay 2026. 42,200 leads, emails not included so you enrich them yourself. Who this is for: anyone sourcing IT and en",Geo Leads,42200,0,Organization BreadcrumbList Dataset
https://warminboxes.com/leads/united-kingdom-business-development-contacts-clay-2026,lead list,United Kingdom Business Development Contacts - Clay 2026 | Free Lead List,"Free download: United Kingdom Business Development Contacts - Clay 2026. 38,500 leads, emails not included so you enrich them yourself. Who this is for: partn",Decision Makers,38500,0,Organization BreadcrumbList Dataset
https://warminboxes.com/leads/united-kingdom-facility-management-contacts-clay-2026,lead list,United Kingdom Facility Management Contacts - Clay 2026 | Free Lead List,"Free download: United Kingdom Facility Management Contacts - Clay 2026. 35,000 leads, emails not included so you enrich them yourself. Who this is for: commer",Decision Makers,35000,0,Organization BreadcrumbList Dataset
https://warminboxes.com/leads/united-kingdom-owners-clay-2026,lead list,United Kingdom Owners - Clay 2026 | Free Lead List,"Free download: United Kingdom Owners - Clay 2026. 59,000 leads, emails not included so you enrich them yourself. Who this is for: business loans and financing",Decision Makers,59000,0,Organization BreadcrumbList Dataset
https://warminboxes.com/leads/united-kingdom-sales-contacts-clay-2026,lead list,United Kingdom Sales Contacts - Clay 2026 | Free Lead List,"Free download: United Kingdom Sales Contacts - Clay 2026. 33,000 leads, emails not included so you enrich them yourself. Who this is for: CRM and sales toolin",Decision Makers,33000,0,Organization BreadcrumbList Dataset
https://warminboxes.com/leads/urgent-care-centers,lead list,Urgent Care Centers | Free Lead List,"Free download: Urgent Care Centers. 106,500 leads, emails not included so you enrich them yourself. Who this is for: EMR and billing software, medical supplie",Healthcare,106500,0,Organization BreadcrumbList Dataset
https://warminboxes.com/leads/urgent-care-clinics-2026,lead list,Urgent Care Clinics 2026 | Free Lead List,"Free download: Urgent Care Clinics 2026. 536,300 leads, emails not included so you enrich them yourself. Who this is for: EHR and scheduling platforms, medica",Healthcare,536300,0,Organization BreadcrumbList Dataset
https://warminboxes.com/leads/uruguay-all-clay-2026,lead list,Uruguay - All Industries - Clay 2026 | Free Lead List,"Free download: Uruguay - All Industries - Clay 2026. 17,800 leads, emails not included so you enrich them yourself. Who this is for: anyone selling into Urugu",Geo Leads,17800,0,Organization BreadcrumbList Dataset
https://warminboxes.com/leads/us-apollo-c-suite,lead list,US Apollo Data - Entire C-Suite 2026 (470K Emails) | Free Lead List,"Free download: US Apollo Data - Entire C-Suite 2026 (470K Emails). 470,000 leads with 470,000 verified emails. Who this is for: anyone selling into senior dec",Apollo Data,470000,470000,Organization BreadcrumbList Dataset
https://warminboxes.com/leads/us-cxo-marketing-consulting,lead list,US CXO Marketing Consulting ($1M+ Rev) | Free Lead List,"Free download: US CXO Marketing Consulting ($1M+ Rev). 2,800 leads with 2,800 verified emails. Who this is for: agencies selling agency services, SaaS with a",Marketing,2800,2800,Organization BreadcrumbList Dataset
https://warminboxes.com/leads/us-rest-non-big-buildings-clay-2026,lead list,United States Remaining States (Non Big Buildings) - Clay 2026 | Free Lead List,"Free download: United States Remaining States (Non Big Buildings) - Clay 2026. 5,700,000 leads, emails not included so you enrich them yourself. Who this is f",Geo Leads,5700000,0,Organization BreadcrumbList Dataset
https://warminboxes.com/leads/usa-facility-management-contacts-clay-2026,lead list,USA Facility Management Contacts - Clay 2026 | Free Lead List,"Free download: USA Facility Management Contacts - Clay 2026. 1,300 leads, emails not included so you enrich them yourself. Who this is for: commercial cleanin",Decision Makers,1300,0,Organization BreadcrumbList Dataset
https://warminboxes.com/leads/usa-remaining-states-business-development-contacts-clay-2026,lead list,USA Remaining States Business Development Contacts - Clay 2026 | Free Lead List,"Free download: USA Remaining States Business Development Contacts - Clay 2026. 6,653 leads, emails not included so you enrich them yourself. Who this is for:",Decision Makers,6653,0,Organization BreadcrumbList Dataset
https://warminboxes.com/leads/usa-remaining-states-owners-clay-2026,lead list,USA Remaining States Owners - Clay 2026 | Free Lead List,"Free download: USA Remaining States Owners - Clay 2026. 11,969 leads, emails not included so you enrich them yourself. Who this is for: business loans and fin",Decision Makers,11969,0,Organization BreadcrumbList Dataset
https://warminboxes.com/leads/usa-remaining-states-sales-contacts-clay-2026,lead list,USA Remaining States Sales Contacts - Clay 2026 | Free Lead List,"Free download: USA Remaining States Sales Contacts - Clay 2026. 4,088 leads, emails not included so you enrich them yourself. Who this is for: CRM and sales t",Decision Makers,4088,0,Organization BreadcrumbList Dataset
https://warminboxes.com/leads/used-car-dealerships,lead list,Used Car Dealerships | Free Lead List,"Free download: Used Car Dealerships. 80,800 leads, emails not included so you enrich them yourself. Who this is for: dealer management software, floor plan an",Automotives,80800,0,Organization BreadcrumbList Dataset
https://warminboxes.com/leads/utah-business-development-contacts-clay-2026,lead list,Utah Business Development Contacts - Clay 2026 | Free Lead List,"Free download: Utah Business Development Contacts - Clay 2026. 1,632 leads, emails not included so you enrich them yourself. Who this is for: partnership and",Decision Makers,1632,0,Organization BreadcrumbList Dataset
https://warminboxes.com/leads/utah-facility-management-contacts-clay-2026,lead list,Utah Facility Management Contacts - Clay 2026 | Free Lead List,"Free download: Utah Facility Management Contacts - Clay 2026. 7,783 leads, emails not included so you enrich them yourself. Who this is for: commercial cleani",Decision Makers,7783,0,Organization BreadcrumbList Dataset
https://warminboxes.com/leads/utah-owners-clay-2026,lead list,Utah Owners - Clay 2026 | Free Lead List,"Free download: Utah Owners - Clay 2026. 3,951 leads, emails not included so you enrich them yourself. Who this is for: business loans and financing, insurance",Decision Makers,3951,0,Organization BreadcrumbList Dataset
https://warminboxes.com/leads/utah-sales-contacts-clay-2026,lead list,Utah Sales Contacts - Clay 2026 | Free Lead List,"Free download: Utah Sales Contacts - Clay 2026. 2,200 leads, emails not included so you enrich them yourself. Who this is for: CRM and sales tooling, outbound",Decision Makers,2200,0,Organization BreadcrumbList Dataset
https://warminboxes.com/leads/vacation-rental-property-management-united-states,lead list,Vacation-Rental Property Management - United States | Free Lead List,"Free download: Vacation-Rental Property Management - United States. 21,500 leads, emails not included so you enrich them yourself. Who this is for: property-m",Property Management,21500,0,Organization BreadcrumbList Dataset
https://warminboxes.com/leads/vape-smoke-shops,lead list,Vape & Smoke Shops | Free Lead List,"Free download: Vape & Smoke Shops. 33,200 leads, emails not included so you enrich them yourself. Who this is for: distributors and brands, age-verification a",Retail,33200,0,Organization BreadcrumbList Dataset
https://warminboxes.com/leads/vc-db-ny-startup-days,lead list,VC DB - My NY Startup days (lol) | Free Lead List,"Free download: VC DB - My NY Startup days (lol). 1,500 leads with 1,000 verified emails. Who this is for: founders raising a round, and agencies running fundr",Investors,1500,1000,Organization BreadcrumbList Dataset
https://warminboxes.com/leads/vegan-plant-based-cafes-2026,lead list,Vegan & Plant-Based Cafes 2026 | Free Lead List,"Free download: Vegan & Plant-Based Cafes 2026. 108,000 leads, emails not included so you enrich them yourself. Who this is for: plant-based ingredient supplie",Food & Beverage,108000,0,Organization BreadcrumbList Dataset
https://warminboxes.com/leads/vehicle-inspection-centers-united-states,lead list,Vehicle Inspection Centers - United States | Free Lead List,"Free download: Vehicle Inspection Centers - United States. 59,000 leads, emails not included so you enrich them yourself. Who this is for: automotive and shop",Automotives,59000,0,Organization BreadcrumbList Dataset
https://warminboxes.com/leads/vehicle-storage-concierge-services,lead list,Vehicle Storage & Concierge Services | Free Lead List,"Free download: Vehicle Storage & Concierge Services. 32,900 leads, emails not included so you enrich them yourself. Who this is for: facility and access softw",Automotives,32900,0,Organization BreadcrumbList Dataset
https://warminboxes.com/leads/vehicle-wraps-graphics-studios,lead list,Vehicle Wraps & Graphics Studios | Free Lead List,"Free download: Vehicle Wraps & Graphics Studios. 17,000 leads, emails not included so you enrich them yourself. Who this is for: vinyl and film suppliers, des",Automotives,17000,0,Organization BreadcrumbList Dataset
https://warminboxes.com/leads/venezuela-all-clay-2026,lead list,Venezuela - All Industries - Clay 2026 | Free Lead List,"Free download: Venezuela - All Industries - Clay 2026. 18,200 leads, emails not included so you enrich them yourself. Who this is for: anyone selling into Ven",Geo Leads,18200,0,Organization BreadcrumbList Dataset
https://warminboxes.com/leads/venture-capital-firms-non-us-uk,lead list,Venture Capital Firms - Non US/UK | Free Lead List,"Free download: Venture Capital Firms - Non US/UK. 45,700 leads, emails not included so you enrich them yourself. Who this is for: deal-flow and portfolio soft",Investors,45700,0,Organization BreadcrumbList Dataset
https://warminboxes.com/leads/venture-capital-firms-uk,lead list,Venture Capital Firms - UK | Free Lead List,"Free download: Venture Capital Firms - UK. 5,200 leads, emails not included so you enrich them yourself. Who this is for: deal-flow and portfolio software, da",Investors,5200,0,Organization BreadcrumbList Dataset
https://warminboxes.com/leads/venture-capital-firms-us,lead list,Venture Capital Firms - US | Free Lead List,"Free download: Venture Capital Firms - US. 21,500 leads, emails not included so you enrich them yourself. Who this is for: deal-flow and portfolio software, d",Investors,21500,0,Organization BreadcrumbList Dataset
https://warminboxes.com/leads/vermont-facility-management-contacts-clay-2026,lead list,Vermont Facility Management Contacts - Clay 2026 | Free Lead List,"Free download: Vermont Facility Management Contacts - Clay 2026. 1,501 leads, emails not included so you enrich them yourself. Who this is for: commercial cle",Decision Makers,1501,0,Organization BreadcrumbList Dataset
https://warminboxes.com/leads/veterinarians-united-states,lead list,Veterinarians - United States | Free Lead List,"Free download: Veterinarians - United States. 37,500 leads, emails not included so you enrich them yourself. Who this is for: practice-management and booking",Healthcare,37500,0,Organization BreadcrumbList Dataset
https://warminboxes.com/leads/video-production-houses,lead list,Video Production Houses | Free Lead List,"Free download: Video Production Houses. 38,100 leads, emails not included so you enrich them yourself. Who this is for: camera and gear vendors, editing and a",Photography & Media,38100,0,Organization BreadcrumbList Dataset
https://warminboxes.com/leads/vietnam-all-clay-2026,lead list,Vietnam - All Industries - Clay 2026 | Free Lead List,"Free download: Vietnam - All Industries - Clay 2026. 54,400 leads, emails not included so you enrich them yourself. Who this is for: anyone selling into Vietn",Geo Leads,54400,0,Organization BreadcrumbList Dataset
https://warminboxes.com/leads/vinyl-record-stores-united-states,lead list,Vinyl Record Stores - United States | Free Lead List,"Free download: Vinyl Record Stores - United States. 66,500 leads, emails not included so you enrich them yourself. Who this is for: distributors and labels, P",Retail,66500,0,Organization BreadcrumbList Dataset
https://warminboxes.com/leads/virginia-business-development-contacts-clay-2026,lead list,Virginia Business Development Contacts - Clay 2026 | Free Lead List,"Free download: Virginia Business Development Contacts - Clay 2026. 879 leads, emails not included so you enrich them yourself. Who this is for: partnership an",Decision Makers,879,0,Organization BreadcrumbList Dataset
https://warminboxes.com/leads/virginia-facility-management-contacts-clay-2026,lead list,Virginia Facility Management Contacts - Clay 2026 | Free Lead List,"Free download: Virginia Facility Management Contacts - Clay 2026. 9,025 leads, emails not included so you enrich them yourself. Who this is for: commercial cl",Decision Makers,9025,0,Organization BreadcrumbList Dataset
https://warminboxes.com/leads/virginia-owners-clay-2026,lead list,Virginia Owners - Clay 2026 | Free Lead List,"Free download: Virginia Owners - Clay 2026. 4,301 leads, emails not included so you enrich them yourself. Who this is for: business loans and financing, insur",Decision Makers,4301,0,Organization BreadcrumbList Dataset
https://warminboxes.com/leads/virginia-sales-contacts-clay-2026,lead list,Virginia Sales Contacts - Clay 2026 | Free Lead List,"Free download: Virginia Sales Contacts - Clay 2026. 3,845 leads, emails not included so you enrich them yourself. Who this is for: CRM and sales tooling, outb",Decision Makers,3845,0,Organization BreadcrumbList Dataset
https://warminboxes.com/leads/virtual-assistant-firms-united-states,lead list,Virtual Assistant Firms - United States | Free Lead List,"Free download: Virtual Assistant Firms - United States. 47,700 leads, emails not included so you enrich them yourself. Who this is for: productivity and workf",Business Services,47700,0,Organization BreadcrumbList Dataset
https://warminboxes.com/leads/virtual-fitness-wellness-coaching,lead list,Virtual Fitness & Wellness Coaching | Free Lead List,"Free download: Virtual Fitness & Wellness Coaching. 64,700 leads, emails not included so you enrich them yourself. Who this is for: coaching and membership pl",Health & Wellness,64700,0,Organization BreadcrumbList Dataset
https://warminboxes.com/leads/virtual-mailbox-business-address-providers,lead list,Virtual Mailbox & Business Address Providers | Free Lead List,"Free download: Virtual Mailbox & Business Address Providers. 42,400 leads, emails not included so you enrich them yourself. Who this is for: mail-scanning and",Business Services,42400,0,Organization BreadcrumbList Dataset
https://warminboxes.com/leads/voice-over-audio-post-studios,lead list,Voice Over & Audio Post Studios | Free Lead List,"Free download: Voice Over & Audio Post Studios. 6,000 leads, emails not included so you enrich them yourself. Who this is for: audio hardware and plugin vendo",Photography & Media,6000,0,Organization BreadcrumbList Dataset
https://warminboxes.com/leads/warehousing-storage-canada,lead list,Warehousing & Storage - Canada | Free Lead List,"Free download: Warehousing & Storage - Canada. 837 leads, emails not included so you enrich them yourself. Who this is for: WMS and inventory software, handli",Logistics & Transport,837,0,Organization BreadcrumbList Dataset
https://warminboxes.com/leads/warehousing-storage-united-kingdom,lead list,Warehousing & Storage - United Kingdom | Free Lead List,"Free download: Warehousing & Storage - United Kingdom. 6,500 leads, emails not included so you enrich them yourself. Who this is for: WMS vendors, materials h",Logistics & Transport,6500,0,Organization BreadcrumbList Dataset
https://warminboxes.com/leads/warehousing-storage-united-states,lead list,Warehousing & Storage - United States | Free Lead List,"Free download: Warehousing & Storage - United States. 12,200 leads, emails not included so you enrich them yourself. Who this is for: WMS and inventory softwa",Logistics & Transport,12200,0,Organization BreadcrumbList Dataset
https://warminboxes.com/leads/washington-business-development-contacts-clay-2026,lead list,Washington Business Development Contacts - Clay 2026 | Free Lead List,"Free download: Washington Business Development Contacts - Clay 2026. 2,400 leads, emails not included so you enrich them yourself. Who this is for: partnershi",Decision Makers,2400,0,Organization BreadcrumbList Dataset
https://warminboxes.com/leads/washington-facility-management-contacts-clay-2026,lead list,Washington Facility Management Contacts - Clay 2026 | Free Lead List,"Free download: Washington Facility Management Contacts - Clay 2026. 3,400 leads, emails not included so you enrich them yourself. Who this is for: commercial",Decision Makers,3400,0,Organization BreadcrumbList Dataset
https://warminboxes.com/leads/washington-owners-clay-2026,lead list,Washington Owners - Clay 2026 | Free Lead List,"Free download: Washington Owners - Clay 2026. 1,700 leads, emails not included so you enrich them yourself. Who this is for: business loans and financing, ins",Decision Makers,1700,0,Organization BreadcrumbList Dataset
https://warminboxes.com/leads/washington-sales-contacts-clay-2026,lead list,Washington Sales Contacts - Clay 2026 | Free Lead List,"Free download: Washington Sales Contacts - Clay 2026. 2,000 leads, emails not included so you enrich them yourself. Who this is for: CRM and sales tooling, ou",Decision Makers,2000,0,Organization BreadcrumbList Dataset
https://warminboxes.com/leads/waste-management-rentals,lead list,Waste Management Rentals | Free Lead List,"Free download: Waste Management Rentals. 133,700 leads, emails not included so you enrich them yourself. Who this is for: container manufacturers and haulage",Business Services,133700,0,Organization BreadcrumbList Dataset
https://warminboxes.com/leads/waste-removal-companies,lead list,Waste Removal Companies | Free Lead List,"Free download: Waste Removal Companies. 27,249 leads, emails not included so you enrich them yourself. Who this is for: fleet and route-optimisation software,",Energy & Environmental,27249,0,Organization BreadcrumbList Dataset
https://warminboxes.com/leads/water-damage-restoration,lead list,Water Damage Restoration | Free Lead List,"Free download: Water Damage Restoration. 35,400 leads, emails not included so you enrich them yourself. Who this is for: restoration equipment suppliers, job",Home Services,35400,0,Organization BreadcrumbList Dataset
https://warminboxes.com/leads/waxing-sugaring-salons,lead list,Waxing & Sugaring Salons | Free Lead List,"Free download: Waxing & Sugaring Salons. 10,100 leads, emails not included so you enrich them yourself. Who this is for: product brands, booking software, and",Beauty,10100,0,Organization BreadcrumbList Dataset
https://warminboxes.com/leads/web3-crypto-blockchain-companies-golden-leads-scrape,lead list,Web3 Crypto Blockchain Companies - Golden Leads Scrape | Free Lead List,"Free download: Web3 Crypto Blockchain Companies - Golden Leads Scrape. 2,300 leads, emails not included so you enrich them yourself. Who this is for: infrastr",Web3,2300,0,Organization BreadcrumbList Dataset
https://warminboxes.com/leads/wedding-planner-2026,lead list,Wedding Planner 2026 | Free Lead List,"Free download: Wedding Planner 2026. 158,800 leads, emails not included so you enrich them yourself. Who this is for: venue and catering partners, booking and",Events & Entertainment,158800,0,Organization BreadcrumbList Dataset
https://warminboxes.com/leads/wedding-venues,lead list,Wedding Venues | Free Lead List,"Free download: Wedding Venues. 42,400 leads, emails not included so you enrich them yourself. Who this is for: event booking and CRM software, catering and re",Events & Entertainment,42400,0,Organization BreadcrumbList Dataset
https://warminboxes.com/leads/weddings-storeleads-db-2026,lead list,Weddings - Storeleads DB 2026 | Free Lead List,"Free download: Weddings - Storeleads DB 2026. 16,500 leads with 11,500 verified emails. Who this is for: personalisation and print partners, rental and logist",Ecommerce,16500,11500,Organization BreadcrumbList Dataset
https://warminboxes.com/leads/weight-loss-coaching-centers,lead list,Weight Loss Coaching Centers | Free Lead List,"Free download: Weight Loss Coaching Centers. 59,300 leads, emails not included so you enrich them yourself. Who this is for: coaching platforms, meal prep and",Health & Wellness,59300,0,Organization BreadcrumbList Dataset
https://warminboxes.com/leads/west-virginia-facility-management-contacts-clay-2026,lead list,West Virginia Facility Management Contacts - Clay 2026 | Free Lead List,"Free download: West Virginia Facility Management Contacts - Clay 2026. 1,197 leads, emails not included so you enrich them yourself. Who this is for: commerci",Decision Makers,1197,0,Organization BreadcrumbList Dataset
https://warminboxes.com/leads/wheel-alignment-suspension-centers,lead list,Wheel Alignment & Suspension Centers | Free Lead List,"Free download: Wheel Alignment & Suspension Centers. 56,200 leads, emails not included so you enrich them yourself. Who this is for: alignment equipment and p",Automotives,56200,0,Organization BreadcrumbList Dataset
https://warminboxes.com/leads/wholesale-import-distribution-canada-clay-2026,lead list,"Wholesale, Import & Distribution - Canada - Clay 2026 | Free Lead List","Free download: Wholesale, Import & Distribution - Canada - Clay 2026. 12,900 leads, emails not included so you enrich them yourself. Who this is for: ERP and",Business Services,12900,0,Organization BreadcrumbList Dataset
https://warminboxes.com/leads/wholesale-import-distribution-uk-clay-2026,lead list,"Wholesale, Import & Distribution - Uk - Clay 2026 | Free Lead List","Free download: Wholesale, Import & Distribution - Uk - Clay 2026. 48,500 leads, emails not included so you enrich them yourself. Who this is for: ERP and inve",Business Services,48500,0,Organization BreadcrumbList Dataset
https://warminboxes.com/leads/wholesale-import-distribution-us-clay-2026,lead list,"Wholesale, Import & Distribution - US - Clay 2026 | Free Lead List","Free download: Wholesale, Import & Distribution - US - Clay 2026. 109,800 leads, emails not included so you enrich them yourself. Who this is for: ERP and inv",Business Services,109800,0,Organization BreadcrumbList Dataset
https://warminboxes.com/leads/window-cleaning,lead list,Window Cleaning | Free Lead List,"Free download: Window Cleaning. 37,100 leads, emails not included so you enrich them yourself. Who this is for: field service and scheduling software, equipme",Cleaning,37100,0,Organization BreadcrumbList Dataset
https://warminboxes.com/leads/window-installation-services-2026,lead list,Window Installation Services 2026 | Free Lead List,"Free download: Window Installation Services 2026. 519,800 leads, emails not included so you enrich them yourself. Who this is for: window and door manufacture",Construction,519800,0,Organization BreadcrumbList Dataset
https://warminboxes.com/leads/window-repair-services,lead list,Window Repair Services | Free Lead List,"Free download: Window Repair Services. 58,100 leads, emails not included so you enrich them yourself. Who this is for: glass and hardware suppliers, job manag",Home Services,58100,0,Organization BreadcrumbList Dataset
https://warminboxes.com/leads/window-replacement-companies,lead list,Window Replacement Companies | Free Lead List,"Free download: Window Replacement Companies. 77,800 leads, emails not included so you enrich them yourself. Who this is for: window and door manufacturers, co",Home Services,77800,0,Organization BreadcrumbList Dataset
https://warminboxes.com/leads/wine-bars-tapas-lounges,lead list,Wine Bars & Tapas Lounges | Free Lead List,"Free download: Wine Bars & Tapas Lounges. 46,000 leads, emails not included so you enrich them yourself. Who this is for: beverage distributors and importers,",Food & Beverage,46000,0,Organization BreadcrumbList Dataset
https://warminboxes.com/leads/winemaking-retail-shops,lead list,Winemaking Retail Shops | Free Lead List,"Free download: Winemaking Retail Shops. 20,400 leads, emails not included so you enrich them yourself. Who this is for: equipment and ingredient wholesalers,",Retail,20400,0,Organization BreadcrumbList Dataset
https://warminboxes.com/leads/wineries-tasting-rooms-2026,lead list,Wineries & Tasting Rooms 2026 | Free Lead List,"Free download: Wineries & Tasting Rooms 2026. 519,800 leads, emails not included so you enrich them yourself. Who this is for: barrel and bottling suppliers,",Food & Beverage,519800,0,Organization BreadcrumbList Dataset
https://warminboxes.com/leads/wireless-wearable-medical-devices,lead list,Wireless Wearable Medical Devices | Free Lead List,"Free download: Wireless Wearable Medical Devices. 52,000 leads, emails not included so you enrich them yourself. Who this is for: contract manufacturers, regu",Healthcare,52000,0,Organization BreadcrumbList Dataset
https://warminboxes.com/leads/wisconsin-facility-management-contacts-clay-2026,lead list,Wisconsin Facility Management Contacts - Clay 2026 | Free Lead List,"Free download: Wisconsin Facility Management Contacts - Clay 2026. 12,321 leads, emails not included so you enrich them yourself. Who this is for: commercial",Decision Makers,12321,0,Organization BreadcrumbList Dataset
https://warminboxes.com/leads/wisconsin-owners-clay-2026,lead list,Wisconsin Owners - Clay 2026 | Free Lead List,"Free download: Wisconsin Owners - Clay 2026. 1,312 leads, emails not included so you enrich them yourself. Who this is for: business loans and financing, insu",Decision Makers,1312,0,Organization BreadcrumbList Dataset
https://warminboxes.com/leads/wisconsin-sales-contacts-clay-2026,lead list,Wisconsin Sales Contacts - Clay 2026 | Free Lead List,"Free download: Wisconsin Sales Contacts - Clay 2026. 10,593 leads, emails not included so you enrich them yourself. Who this is for: CRM and sales tooling, ou",Decision Makers,10593,0,Organization BreadcrumbList Dataset
https://warminboxes.com/leads/yoga-studios,lead list,Yoga Studios | Free Lead List,"Free download: Yoga Studios. 29,500 leads, emails not included so you enrich them yourself. Who this is for: studio management and booking software, apparel a",Health & Wellness,29500,0,Organization BreadcrumbList Dataset
https://warminboxes.com/leads/yoga-studios-us,lead list,Yoga Studios - US | Free Lead List,"Free download: Yoga Studios - US. 4,700 leads with 4,700 verified emails. Who this is for: booking and scheduling software, payments, wellness marketplaces, i",Local Business,4700,4700,Organization BreadcrumbList Dataset
https://warminboxes.com/leads/zero-waste-bulk-stores,lead list,Zero Waste Bulk Stores | Free Lead List,"Free download: Zero Waste Bulk Stores. 15,800 leads, emails not included so you enrich them yourself. Who this is for: sustainable packaging and bulk goods su",Retail,15800,0,Organization BreadcrumbList Dataset
